,Attrition,Age,Pay rate EUR,Length of service: Months,North America,Level_attrition_proportion,Division_attrition_proportion,Pay_rate_diff
0,0,37,25200.0,36,0,0.38461538461538464,0.25,0.0
1,0,40,21962.88,3,1,0.3023255813953488,0.25,-2033.5999999999985
2,1,25,24403.2,8,1,0.3023255813953488,0.25,406.72000000000116
3,0,44,24403.2,3,1,0.3023255813953488,0.25,406.72000000000116
4,1,27,24403.2,1,1,0.3023255813953488,0.25,406.72000000000116
5,0,33,24403.2,0,1,0.3023255813953488,0.25,406.72000000000116
6,0,47,24403.2,0,1,0.3023255813953488,0.25,406.72000000000116
7,0,42,32000.0,47,0,0.24858757062146894,0.25,-2733.0800000000017
8,1,31,38400.0,42,0,0.24858757062146894,0.25,3666.9199999999983
9,0,41,30504.0,12,1,0.24858757062146894,0.25,-4229.080000000002
10,0,31,38028.31999999999,15,1,0.24858757062146894,0.25,3295.2399999999907
11,0,33,40672.0,2,1,0.18181818181818182,0.25,0.0
12,0,37,36800.0,39,0,0.47619047619047616,0.25,0.0
13,0,45,61008.0,12,1,0.23529411764705882,0.25,0.0
14,0,45,61008.0,13,1,0.2777777777777778,0.25,0.0
15,1,40,70400.0,13,0,0.31433823529411764,0.25,0.0
16,0,36,22369.6,18,1,0.38461538461538464,0.2318840579710145,0.0
17,0,29,21600.0,15,0,0.3023255813953488,0.2318840579710145,-3355.121190909089
18,0,35,21600.0,12,0,0.3023255813953488,0.2318840579710145,-3355.121190909089
19,0,30,21600.0,2,0,0.3023255813953488,0.2318840579710145,-3355.121190909089
20,1,39,23184.0,20,0,0.3023255813953488,0.2318840579710145,-1771.121190909089
21,1,33,24000.0,22,0,0.3023255813953488,0.2318840579710145,-955.1211909090889
22,0,37,24000.0,1,0,0.3023255813953488,0.2318840579710145,-955.1211909090889
23,0,26,24800.0,0,0,0.3023255813953488,0.2318840579710145,-155.1211909090889
24,0,27,25440.0,21,0,0.3023255813953488,0.2318840579710145,484.8788090909111
25,0,44,25440.0,19,0,0.3023255813953488,0.2318840579710145,484.8788090909111
26,0,25,25440.0,18,0,0.3023255813953488,0.2318840579710145,484.8788090909111
27,0,29,25970.0,48,0,0.3023255813953488,0.2318840579710145,1014.8788090909111
28,1,30,26400.0,36,0,0.3023255813953488,0.2318840579710145,1444.878809090911
29,0,24,26400.0,2,0,0.3023255813953488,0.2318840579710145,1444.878809090911
30,1,38,27600.0,35,0,0.3023255813953488,0.2318840579710145,2644.878809090911
31,0,33,27720.0,17,0,0.3023255813953488,0.2318840579710145,2764.878809090911
32,1,34,28000.0,23,0,0.3023255813953488,0.2318840579710145,3044.878809090911
33,0,29,28000.0,2,0,0.3023255813953488,0.2318840579710145,3044.878809090911
34,0,26,28000.0,1,0,0.3023255813953488,0.2318840579710145,3044.878809090911
35,0,34,28248.0,26,0,0.3023255813953488,0.2318840579710145,3292.878809090911
36,0,30,28800.0,42,0,0.3023255813953488,0.2318840579710145,3844.878809090911
37,0,28,28800.0,12,0,0.3023255813953488,0.2318840579710145,3844.878809090911
38,1,36,30400.0,9,0,0.3023255813953488,0.2318840579710145,5444.878809090911
39,0,29,30784.0,16,0,0.3023255813953488,0.2318840579710145,5828.878809090911
40,0,35,30784.0,16,0,0.3023255813953488,0.2318840579710145,5828.878809090911
41,0,33,34560.0,24,0,0.3023255813953488,0.2318840579710145,9604.878809090911
42,0,27,19115.839999999997,5,1,0.3023255813953488,0.2318840579710145,-5839.281190909092
43,0,40,19929.28,11,1,0.3023255813953488,0.2318840579710145,-5025.84119090909
44,0,32,19929.28,11,1,0.3023255813953488,0.2318840579710145,-5025.84119090909
45,0,33,19929.28,5,1,0.3023255813953488,0.2318840579710145,-5025.84119090909
46,0,27,19929.28,3,1,0.3023255813953488,0.2318840579710145,-5025.84119090909
47,0,32,19929.28,1,1,0.3023255813953488,0.2318840579710145,-5025.84119090909
48,0,27,19929.28,1,1,0.3023255813953488,0.2318840579710145,-5025.84119090909
49,1,31,20365.9956,49,1,0.3023255813953488,0.2318840579710145,-4589.1255909090905
50,0,31,20527.1584,16,1,0.3023255813953488,0.2318840579710145,-4427.962790909089
51,0,32,41600.0,19,0,0.3023255813953488,0.2318840579710145,16644.87880909091
52,0,32,21149.44,18,1,0.3023255813953488,0.2318840579710145,-3805.68119090909
53,0,34,21149.44,16,1,0.3023255813953488,0.2318840579710145,-3805.68119090909
54,0,27,21149.44,2,1,0.3023255813953488,0.2318840579710145,-3805.68119090909
55,0,28,21331.4472,47,1,0.3023255813953488,0.2318840579710145,-3623.67399090909
56,0,34,22369.6,4,1,0.3023255813953488,0.2318840579710145,-2585.5211909090904
57,0,37,23183.04,4,1,0.3023255813953488,0.2318840579710145,-1772.081190909088
58,0,33,24403.2,10,1,0.3023255813953488,0.2318840579710145,-551.9211909090882
59,0,34,26776.411199999995,39,1,0.3023255813953488,0.2318840579710145,1821.290009090906
60,1,33,27758.64,17,1,0.3023255813953488,0.2318840579710145,2803.5188090909105
61,0,34,28000.0,38,0,0.24858757062146894,0.2318840579710145,-7451.290909090909
62,0,36,29245.0,58,0,0.24858757062146894,0.2318840579710145,-6206.290909090909
63,1,37,29920.0,31,0,0.24858757062146894,0.2318840579710145,-5531.290909090909
64,0,38,32256.0,28,0,0.24858757062146894,0.2318840579710145,-3195.290909090909
65,1,40,33600.0,44,0,0.24858757062146894,0.2318840579710145,-1851.2909090909088
66,0,29,35200.0,4,0,0.24858757062146894,0.2318840579710145,-251.29090909090883
67,0,43,35708.0,61,0,0.24858757062146894,0.2318840579710145,256.7090909090912
68,0,43,36624.0,45,0,0.24858757062146894,0.2318840579710145,1172.7090909090912
69,0,37,44000.0,11,0,0.24858757062146894,0.2318840579710145,8548.709090909091
70,0,30,36604.8,4,1,0.24858757062146894,0.2318840579710145,1153.509090909094
71,0,28,48806.4,9,1,0.24858757062146894,0.2318840579710145,13355.109090909093
72,0,38,50400.0,4,0,0.18181818181818182,0.2318840579710145,0.0
73,1,31,32000.0,32,0,0.47619047619047616,0.2318840579710145,-1982.290399999998
74,0,35,27071.2832,49,1,0.47619047619047616,0.2318840579710145,-6911.007199999996
75,1,35,28051.4784,43,1,0.47619047619047616,0.2318840579710145,-5930.811999999998
76,1,35,48806.4,43,1,0.47619047619047616,0.2318840579710145,14824.109600000003
77,1,42,40000.0,48,0,0.23529411764705882,0.2318840579710145,-7066.666666666664
78,0,41,42400.0,23,0,0.23529411764705882,0.2318840579710145,-4666.666666666664
79,0,33,58800.0,15,0,0.23529411764705882,0.2318840579710145,11733.333333333336
80,1,29,18400.0,8,0,0.31433823529411764,0.2318840579710145,-17120.0
81,1,31,24000.0,11,0,0.31433823529411764,0.2318840579710145,-11520.0
82,0,32,31200.0,34,0,0.31433823529411764,0.2318840579710145,-4320.0
83,0,35,40000.0,8,0,0.31433823529411764,0.2318840579710145,4480.0
84,0,44,64000.0,9,0,0.31433823529411764,0.2318840579710145,28480.0
85,0,30,31200.0,19,0,0.38461538461538464,0.24528301886792453,0.0
86,0,31,26082.0,54,0,0.3023255813953488,0.24528301886792453,-14016.615384615383
87,1,33,35120.0,16,0,0.3023255813953488,0.24528301886792453,-4978.615384615383
88,0,41,38080.0,1,0,0.3023255813953488,0.24528301886792453,-2018.615384615383
89,0,29,38160.0,20,0,0.3023255813953488,0.24528301886792453,-1938.615384615383
90,1,28,38240.0,15,0,0.3023255813953488,0.24528301886792453,-1858.615384615383
91,1,31,40000.0,42,0,0.3023255813953488,0.24528301886792453,-98.61538461538294
92,0,29,40000.0,17,0,0.3023255813953488,0.24528301886792453,-98.61538461538294
93,0,33,40000.0,10,0,0.3023255813953488,0.24528301886792453,-98.61538461538294
94,0,36,40000.0,3,0,0.3023255813953488,0.24528301886792453,-98.61538461538294
95,0,29,40000.0,1,0,0.3023255813953488,0.24528301886792453,-98.61538461538294
96,0,30,44800.0,8,0,0.3023255813953488,0.24528301886792453,4701.384615384617
97,0,33,50400.0,13,0,0.3023255813953488,0.24528301886792453,10301.384615384617
98,0,32,50400.0,2,0,0.3023255813953488,0.24528301886792453,10301.384615384617
99,0,30,44000.0,23,0,0.24858757062146894,0.24528301886792453,-10237.0
100,1,31,44800.0,38,0,0.24858757062146894,0.24528301886792453,-9437.0
101,1,37,45490.0,36,0,0.24858757062146894,0.24528301886792453,-8747.0
102,0,41,48000.0,13,0,0.24858757062146894,0.24528301886792453,-6237.0
103,1,28,48000.0,7,0,0.24858757062146894,0.24528301886792453,-6237.0
104,1,28,48800.0,12,0,0.24858757062146894,0.24528301886792453,-5437.0
105,0,39,49600.0,0,0,0.24858757062146894,0.24528301886792453,-4637.0
106,1,39,50200.0,26,0,0.24858757062146894,0.24528301886792453,-4037.0
107,0,34,51240.0,20,0,0.24858757062146894,0.24528301886792453,-2997.0
108,0,31,52000.0,37,0,0.24858757062146894,0.24528301886792453,-2237.0
109,0,29,52000.0,1,0,0.24858757062146894,0.24528301886792453,-2237.0
110,0,29,55200.0,26,0,0.24858757062146894,0.24528301886792453,963.0
111,0,32,55200.0,0,0,0.24858757062146894,0.24528301886792453,963.0
112,0,30,56000.0,15,0,0.24858757062146894,0.24528301886792453,1763.0
113,1,34,56000.0,10,0,0.24858757062146894,0.24528301886792453,1763.0
114,0,39,56000.0,10,0,0.24858757062146894,0.24528301886792453,1763.0
115,0,34,56000.0,6,0,0.24858757062146894,0.24528301886792453,1763.0
116,0,32,56000.0,0,0,0.24858757062146894,0.24528301886792453,1763.0
117,1,40,57584.0,12,0,0.24858757062146894,0.24528301886792453,3347.0
118,0,31,60000.0,9,0,0.24858757062146894,0.24528301886792453,5763.0
119,0,33,61600.0,13,0,0.24858757062146894,0.24528301886792453,7363.0
120,0,35,62400.0,16,0,0.24858757062146894,0.24528301886792453,8163.0
121,0,33,62400.0,6,0,0.24858757062146894,0.24528301886792453,8163.0
122,0,43,68000.0,0,0,0.24858757062146894,0.24528301886792453,13763.0
123,0,39,46539.200000000004,0,0,0.24858757062146894,0.24528301886792453,-7697.799999999996
124,0,37,67108.8,6,1,0.24858757062146894,0.24528301886792453,12871.800000000003
125,1,33,40140.0,35,0,0.18181818181818182,0.24528301886792453,-20516.666666666664
126,0,35,53600.0,16,0,0.18181818181818182,0.24528301886792453,-7056.666666666664
127,0,33,63000.0,18,0,0.18181818181818182,0.24528301886792453,2343.3333333333358
128,0,35,64000.0,0,0,0.18181818181818182,0.24528301886792453,3343.3333333333358
129,0,45,71200.0,0,0,0.18181818181818182,0.24528301886792453,10543.333333333336
130,0,30,72000.0,24,0,0.18181818181818182,0.24528301886792453,11343.333333333336
131,0,36,76000.0,20,0,0.3333333333333333,0.24528301886792453,0.0
132,1,30,64800.0,53,0,0.47619047619047616,0.24528301886792453,-2800.0
133,0,30,70400.0,18,0,0.47619047619047616,0.24528301886792453,2800.0
134,1,45,68000.0,30,0,0.23529411764705882,0.24528301886792453,-1360.0
135,0,39,70720.0,27,0,0.23529411764705882,0.24528301886792453,1360.0
136,0,45,69600.0,36,0,0.2777777777777778,0.24528301886792453,0.0
137,0,32,12480.0,5,0,0.31433823529411764,0.24528301886792453,0.0
138,0,34,21600.0,13,0,0.0,0.2926829268292683,0.0
139,0,26,26000.0,26,0,0.38461538461538464,0.2926829268292683,0.0
140,0,28,24800.0,1,0,0.3023255813953488,0.2926829268292683,-6493.923076923078
141,0,30,25840.0,8,0,0.3023255813953488,0.2926829268292683,-5453.923076923078
142,1,31,26400.0,30,0,0.3023255813953488,0.2926829268292683,-4893.923076923078
143,0,25,27200.0,13,0,0.3023255813953488,0.2926829268292683,-4093.923076923078
144,1,28,29621.0,44,0,0.3023255813953488,0.2926829268292683,-1672.923076923078
145,0,33,30400.0,6,0,0.3023255813953488,0.2926829268292683,-893.923076923078
146,0,34,30400.0,6,0,0.3023255813953488,0.2926829268292683,-893.923076923078
147,1,34,31200.0,29,0,0.3023255813953488,0.2926829268292683,-93.92307692307804
148,0,30,32000.0,11,0,0.3023255813953488,0.2926829268292683,706.076923076922
149,0,30,32000.0,9,0,0.3023255813953488,0.2926829268292683,706.076923076922
150,0,30,36160.0,18,0,0.3023255813953488,0.2926829268292683,4866.076923076922
151,1,33,36800.0,30,0,0.3023255813953488,0.2926829268292683,5506.076923076922
152,1,39,44000.0,48,0,0.3023255813953488,0.2926829268292683,12706.076923076922
153,0,26,34400.0,52,0,0.24858757062146894,0.2926829268292683,-9125.458823529407
154,1,34,38520.0,39,0,0.24858757062146894,0.2926829268292683,-5005.458823529407
155,0,39,40000.0,26,0,0.24858757062146894,0.2926829268292683,-3525.458823529407
156,0,37,40000.0,12,0,0.24858757062146894,0.2926829268292683,-3525.458823529407
157,0,33,41600.0,26,0,0.24858757062146894,0.2926829268292683,-1925.4588235294068
158,0,41,41600.0,9,0,0.24858757062146894,0.2926829268292683,-1925.4588235294068
159,1,33,42000.0,57,0,0.24858757062146894,0.2926829268292683,-1525.4588235294068
160,1,27,42400.0,31,0,0.24858757062146894,0.2926829268292683,-1125.4588235294068
161,0,30,42400.0,3,0,0.24858757062146894,0.2926829268292683,-1125.4588235294068
162,0,30,43200.0,53,0,0.24858757062146894,0.2926829268292683,-325.4588235294068
163,1,37,44000.0,32,0,0.24858757062146894,0.2926829268292683,474.5411764705932
164,0,40,44000.0,29,0,0.24858757062146894,0.2926829268292683,474.5411764705932
165,0,36,46400.0,4,0,0.24858757062146894,0.2926829268292683,2874.541176470593
166,1,33,48000.0,25,0,0.24858757062146894,0.2926829268292683,4474.541176470593
167,0,37,52000.0,1,0,0.24858757062146894,0.2926829268292683,8474.541176470593
168,0,43,46539.200000000004,0,0,0.24858757062146894,0.2926829268292683,3013.7411764705976
169,1,31,52873.6,3,1,0.24858757062146894,0.2926829268292683,9348.141176470592
170,0,31,54000.0,15,0,0.18181818181818182,0.2926829268292683,-4000.0
171,0,44,60000.0,13,0,0.18181818181818182,0.2926829268292683,2000.0
172,0,34,60000.0,4,0,0.18181818181818182,0.2926829268292683,2000.0
173,0,35,47200.0,28,0,0.47619047619047616,0.2926829268292683,-1200.0
174,0,37,49600.0,29,0,0.47619047619047616,0.2926829268292683,1200.0
175,0,39,54400.0,37,0,0.23529411764705882,0.2926829268292683,0.0
176,0,45,80000.0,16,0,0.2777777777777778,0.2926829268292683,0.0
177,1,33,26400.0,5,0,0.31433823529411764,0.2926829268292683,-2800.0
178,0,34,32000.0,23,0,0.31433823529411764,0.2926829268292683,2800.0
179,0,24,11341.0,6,0,0.0,0.3802083333333333,0.0
180,0,26,20000.0,13,0,0.38461538461538464,0.3802083333333333,-9200.0
181,1,33,28800.0,5,0,0.38461538461538464,0.3802083333333333,-400.0
182,1,32,38800.0,41,0,0.38461538461538464,0.3802083333333333,9600.0
183,0,38,32000.0,40,0,0.3023255813953488,0.3802083333333333,-7866.50689655172
184,1,32,33000.0,35,0,0.3023255813953488,0.3802083333333333,-6866.50689655172
185,0,28,34000.0,20,0,0.3023255813953488,0.3802083333333333,-5866.50689655172
186,1,25,34400.0,27,0,0.3023255813953488,0.3802083333333333,-5466.50689655172
187,0,32,34400.0,16,0,0.3023255813953488,0.3802083333333333,-5466.50689655172
188,0,30,34400.0,9,0,0.3023255813953488,0.3802083333333333,-5466.50689655172
189,1,30,35200.0,36,0,0.3023255813953488,0.3802083333333333,-4666.50689655172
190,0,28,35200.0,12,0,0.3023255813953488,0.3802083333333333,-4666.50689655172
191,1,30,36000.0,31,0,0.3023255813953488,0.3802083333333333,-3866.5068965517203
192,1,27,36000.0,18,0,0.3023255813953488,0.3802083333333333,-3866.5068965517203
193,0,28,36000.0,12,0,0.3023255813953488,0.3802083333333333,-3866.5068965517203
194,0,24,36000.0,9,0,0.3023255813953488,0.3802083333333333,-3866.5068965517203
195,1,28,36252.0,59,0,0.3023255813953488,0.3802083333333333,-3614.5068965517203
196,1,29,36800.0,33,0,0.3023255813953488,0.3802083333333333,-3066.5068965517203
197,0,35,36800.0,16,0,0.3023255813953488,0.3802083333333333,-3066.5068965517203
198,0,28,36800.0,14,0,0.3023255813953488,0.3802083333333333,-3066.5068965517203
199,0,32,36800.0,3,0,0.3023255813953488,0.3802083333333333,-3066.5068965517203
200,1,40,37200.0,25,0,0.3023255813953488,0.3802083333333333,-2666.5068965517203
201,0,35,37600.0,12,0,0.3023255813953488,0.3802083333333333,-2266.5068965517203
202,1,33,37600.0,6,0,0.3023255813953488,0.3802083333333333,-2266.5068965517203
203,1,34,37680.0,21,0,0.3023255813953488,0.3802083333333333,-2186.5068965517203
204,1,36,37800.0,45,0,0.3023255813953488,0.3802083333333333,-2066.5068965517203
205,1,29,38000.0,37,0,0.3023255813953488,0.3802083333333333,-1866.5068965517203
206,0,26,38160.0,19,0,0.3023255813953488,0.3802083333333333,-1706.5068965517203
207,0,30,38400.0,46,0,0.3023255813953488,0.3802083333333333,-1466.5068965517203
208,0,31,38400.0,10,0,0.3023255813953488,0.3802083333333333,-1466.5068965517203
209,0,34,38400.0,7,0,0.3023255813953488,0.3802083333333333,-1466.5068965517203
210,0,26,38400.0,7,0,0.3023255813953488,0.3802083333333333,-1466.5068965517203
211,1,29,38800.0,33,0,0.3023255813953488,0.3802083333333333,-1066.5068965517203
212,1,32,39359.0,38,0,0.3023255813953488,0.3802083333333333,-507.5068965517203
213,1,31,39480.0,29,0,0.3023255813953488,0.3802083333333333,-386.5068965517203
214,0,30,39600.0,24,0,0.3023255813953488,0.3802083333333333,-266.5068965517203
215,1,31,39800.0,26,0,0.3023255813953488,0.3802083333333333,-66.50689655172027
216,1,34,39800.0,17,0,0.3023255813953488,0.3802083333333333,-66.50689655172027
217,1,33,40000.0,11,0,0.3023255813953488,0.3802083333333333,133.49310344827973
218,0,28,40000.0,15,0,0.3023255813953488,0.3802083333333333,133.49310344827973
219,0,34,40000.0,14,0,0.3023255813953488,0.3802083333333333,133.49310344827973
220,0,25,40000.0,14,0,0.3023255813953488,0.3802083333333333,133.49310344827973
221,0,30,40000.0,4,0,0.3023255813953488,0.3802083333333333,133.49310344827973
222,1,29,41600.0,16,0,0.3023255813953488,0.3802083333333333,1733.4931034482797
223,0,35,41600.0,23,0,0.3023255813953488,0.3802083333333333,1733.4931034482797
224,0,29,41600.0,12,0,0.3023255813953488,0.3802083333333333,1733.4931034482797
225,0,30,41600.0,11,0,0.3023255813953488,0.3802083333333333,1733.4931034482797
226,0,31,41600.0,9,0,0.3023255813953488,0.3802083333333333,1733.4931034482797
227,0,30,41600.0,3,0,0.3023255813953488,0.3802083333333333,1733.4931034482797
228,0,31,42000.0,20,0,0.3023255813953488,0.3802083333333333,2133.4931034482797
229,0,44,42400.0,3,0,0.3023255813953488,0.3802083333333333,2533.4931034482797
230,0,36,42400.0,0,0,0.3023255813953488,0.3802083333333333,2533.4931034482797
231,1,36,44000.0,4,0,0.3023255813953488,0.3802083333333333,4133.49310344828
232,0,37,44000.0,1,0,0.3023255813953488,0.3802083333333333,4133.49310344828
233,0,30,44000.0,8,0,0.3023255813953488,0.3802083333333333,4133.49310344828
234,0,28,44000.0,3,0,0.3023255813953488,0.3802083333333333,4133.49310344828
235,0,43,48000.0,14,0,0.3023255813953488,0.3802083333333333,8133.49310344828
236,0,35,56000.0,11,0,0.3023255813953488,0.3802083333333333,16133.49310344828
237,0,30,38638.399999999994,1,1,0.3023255813953488,0.3802083333333333,-1228.106896551726
238,1,31,44739.2,9,1,0.3023255813953488,0.3802083333333333,4872.693103448277
239,0,31,56940.8,13,1,0.3023255813953488,0.3802083333333333,17074.293103448283
240,0,28,61008.0,13,1,0.3023255813953488,0.3802083333333333,21141.49310344828
241,1,34,33600.0,8,0,0.24858757062146894,0.3802083333333333,-15201.808108108104
242,1,42,39200.0,27,0,0.24858757062146894,0.3802083333333333,-9601.808108108104
243,1,36,40000.0,5,0,0.24858757062146894,0.3802083333333333,-8801.808108108104
244,0,40,40000.0,14,0,0.24858757062146894,0.3802083333333333,-8801.808108108104
245,0,35,40000.0,13,0,0.24858757062146894,0.3802083333333333,-8801.808108108104
246,0,37,40000.0,8,0,0.24858757062146894,0.3802083333333333,-8801.808108108104
247,0,37,40800.0,18,0,0.24858757062146894,0.3802083333333333,-8001.808108108104
248,0,43,41200.0,28,0,0.24858757062146894,0.3802083333333333,-7601.808108108104
249,1,34,41600.0,55,0,0.24858757062146894,0.3802083333333333,-7201.808108108104
250,1,32,41600.0,36,0,0.24858757062146894,0.3802083333333333,-7201.808108108104
251,1,30,41600.0,18,0,0.24858757062146894,0.3802083333333333,-7201.808108108104
252,0,36,41600.0,11,0,0.24858757062146894,0.3802083333333333,-7201.808108108104
253,0,32,41600.0,4,0,0.24858757062146894,0.3802083333333333,-7201.808108108104
254,0,38,42400.0,3,0,0.24858757062146894,0.3802083333333333,-6401.808108108104
255,0,24,42400.0,2,0,0.24858757062146894,0.3802083333333333,-6401.808108108104
256,1,37,43200.0,58,0,0.24858757062146894,0.3802083333333333,-5601.808108108104
257,1,29,44000.0,61,0,0.24858757062146894,0.3802083333333333,-4801.808108108104
258,0,33,44000.0,31,0,0.24858757062146894,0.3802083333333333,-4801.808108108104
259,0,27,44000.0,25,0,0.24858757062146894,0.3802083333333333,-4801.808108108104
260,1,26,44000.0,16,0,0.24858757062146894,0.3802083333333333,-4801.808108108104
261,1,30,44000.0,8,0,0.24858757062146894,0.3802083333333333,-4801.808108108104
262,0,36,44000.0,16,0,0.24858757062146894,0.3802083333333333,-4801.808108108104
263,0,31,44000.0,15,0,0.24858757062146894,0.3802083333333333,-4801.808108108104
264,0,32,44000.0,14,0,0.24858757062146894,0.3802083333333333,-4801.808108108104
265,0,36,44000.0,14,0,0.24858757062146894,0.3802083333333333,-4801.808108108104
266,0,29,44000.0,10,0,0.24858757062146894,0.3802083333333333,-4801.808108108104
267,0,35,44000.0,5,0,0.24858757062146894,0.3802083333333333,-4801.808108108104
268,0,27,44000.0,5,0,0.24858757062146894,0.3802083333333333,-4801.808108108104
269,0,28,44560.0,33,0,0.24858757062146894,0.3802083333333333,-4241.808108108104
270,1,34,44800.0,30,0,0.24858757062146894,0.3802083333333333,-4001.8081081081036
271,0,28,44800.0,33,0,0.24858757062146894,0.3802083333333333,-4001.8081081081036
272,0,34,44800.0,16,0,0.24858757062146894,0.3802083333333333,-4001.8081081081036
273,0,32,44880.0,16,0,0.24858757062146894,0.3802083333333333,-3921.8081081081036
274,0,35,45344.0,19,0,0.24858757062146894,0.3802083333333333,-3457.8081081081036
275,0,33,45452.0,53,0,0.24858757062146894,0.3802083333333333,-3349.8081081081036
276,1,37,45600.0,39,0,0.24858757062146894,0.3802083333333333,-3201.8081081081036
277,0,36,46200.0,20,0,0.24858757062146894,0.3802083333333333,-2601.8081081081036
278,1,30,46400.0,32,0,0.24858757062146894,0.3802083333333333,-2401.8081081081036
279,1,33,46400.0,40,0,0.24858757062146894,0.3802083333333333,-2401.8081081081036
280,0,30,46400.0,59,0,0.24858757062146894,0.3802083333333333,-2401.8081081081036
281,1,29,46400.0,12,0,0.24858757062146894,0.3802083333333333,-2401.8081081081036
282,0,29,46400.0,14,0,0.24858757062146894,0.3802083333333333,-2401.8081081081036
283,0,31,46400.0,4,0,0.24858757062146894,0.3802083333333333,-2401.8081081081036
284,1,33,47040.0,46,0,0.24858757062146894,0.3802083333333333,-1761.8081081081036
285,0,31,48000.0,55,0,0.24858757062146894,0.3802083333333333,-801.8081081081036
286,1,42,48000.0,9,0,0.24858757062146894,0.3802083333333333,-801.8081081081036
287,0,33,48000.0,18,0,0.24858757062146894,0.3802083333333333,-801.8081081081036
288,1,37,48000.0,10,0,0.24858757062146894,0.3802083333333333,-801.8081081081036
289,0,45,48000.0,16,0,0.24858757062146894,0.3802083333333333,-801.8081081081036
290,0,35,48000.0,13,0,0.24858757062146894,0.3802083333333333,-801.8081081081036
291,0,30,48000.0,7,0,0.24858757062146894,0.3802083333333333,-801.8081081081036
292,0,33,48000.0,2,0,0.24858757062146894,0.3802083333333333,-801.8081081081036
293,1,38,49140.0,54,0,0.24858757062146894,0.3802083333333333,338.1918918918964
294,1,33,49600.0,12,0,0.24858757062146894,0.3802083333333333,798.1918918918964
295,0,32,50752.0,55,0,0.24858757062146894,0.3802083333333333,1950.1918918918964
296,0,38,50785.0,55,0,0.24858757062146894,0.3802083333333333,1983.1918918918964
297,0,36,51000.0,16,0,0.24858757062146894,0.3802083333333333,2198.1918918918964
298,1,34,51200.0,49,0,0.24858757062146894,0.3802083333333333,2398.1918918918964
299,0,36,51584.0,61,0,0.24858757062146894,0.3802083333333333,2782.1918918918964
300,0,35,52000.0,11,0,0.24858757062146894,0.3802083333333333,3198.1918918918964
301,0,32,56000.0,16,0,0.24858757062146894,0.3802083333333333,7198.191891891896
302,0,32,57600.0,16,0,0.24858757062146894,0.3802083333333333,8798.191891891896
303,0,38,57600.0,15,0,0.24858757062146894,0.3802083333333333,8798.191891891896
304,0,37,61600.0,12,0,0.24858757062146894,0.3802083333333333,12798.191891891896
305,0,37,61600.0,16,0,0.24858757062146894,0.3802083333333333,12798.191891891896
306,0,30,64000.0,9,0,0.24858757062146894,0.3802083333333333,15198.191891891896
307,0,31,64680.0,13,0,0.24858757062146894,0.3802083333333333,15878.191891891896
308,0,43,65600.0,11,0,0.24858757062146894,0.3802083333333333,16798.191891891896
309,1,33,67200.0,9,0,0.24858757062146894,0.3802083333333333,18398.191891891896
310,0,28,67200.0,7,0,0.24858757062146894,0.3802083333333333,18398.191891891896
311,0,32,68800.0,13,0,0.24858757062146894,0.3802083333333333,19998.191891891896
312,0,36,69440.0,16,0,0.24858757062146894,0.3802083333333333,20638.191891891896
313,0,35,72000.0,14,0,0.24858757062146894,0.3802083333333333,23198.191891891896
314,0,44,77276.79999999999,14,1,0.24858757062146894,0.3802083333333333,28474.991891891885
315,1,36,56280.0,37,0,0.18181818181818182,0.3802083333333333,-5813.333333333336
316,1,35,58000.0,25,0,0.18181818181818182,0.3802083333333333,-4093.3333333333358
317,0,37,72000.0,6,0,0.18181818181818182,0.3802083333333333,9906.666666666664
318,1,35,34400.0,32,0,0.47619047619047616,0.3802083333333333,-17673.89523809524
319,0,34,39200.0,18,0,0.47619047619047616,0.3802083333333333,-12873.89523809524
320,1,35,42000.0,23,0,0.47619047619047616,0.3802083333333333,-10073.89523809524
321,1,35,45600.0,60,0,0.47619047619047616,0.3802083333333333,-6473.89523809524
322,0,41,46400.0,24,0,0.47619047619047616,0.3802083333333333,-5673.89523809524
323,1,32,47040.0,41,0,0.47619047619047616,0.3802083333333333,-5033.89523809524
324,0,39,48000.0,55,0,0.47619047619047616,0.3802083333333333,-4073.8952380952396
325,0,34,48000.0,24,0,0.47619047619047616,0.3802083333333333,-4073.8952380952396
326,1,33,50715.0,21,0,0.47619047619047616,0.3802083333333333,-1358.8952380952396
327,0,31,52000.0,10,0,0.47619047619047616,0.3802083333333333,-73.89523809523962
328,0,37,52000.0,9,0,0.47619047619047616,0.3802083333333333,-73.89523809523962
329,1,31,52920.0,17,0,0.47619047619047616,0.3802083333333333,846.1047619047604
330,1,38,54400.0,16,0,0.47619047619047616,0.3802083333333333,2326.1047619047604
331,0,31,54400.0,2,0,0.47619047619047616,0.3802083333333333,2326.1047619047604
332,0,34,55200.0,28,0,0.47619047619047616,0.3802083333333333,3126.1047619047604
333,0,33,55200.0,26,0,0.47619047619047616,0.3802083333333333,3126.1047619047604
334,1,37,55200.0,16,0,0.47619047619047616,0.3802083333333333,3126.1047619047604
335,0,33,56000.0,15,0,0.47619047619047616,0.3802083333333333,3926.1047619047604
336,0,34,63600.0,23,0,0.47619047619047616,0.3802083333333333,11526.10476190476
337,0,33,64000.0,10,0,0.47619047619047616,0.3802083333333333,11926.10476190476
338,0,38,77276.79999999999,16,1,0.47619047619047616,0.3802083333333333,25202.90476190475
339,0,41,72000.0,16,0,0.23529411764705882,0.3802083333333333,0.0
340,1,33,48800.0,55,0,0.2777777777777778,0.3802083333333333,-24228.571428571435
341,0,37,72000.0,14,0,0.2777777777777778,0.3802083333333333,-1028.5714285714348
342,1,42,76000.0,20,0,0.2777777777777778,0.3802083333333333,2971.428571428565
343,1,44,76000.0,10,0,0.2777777777777778,0.3802083333333333,2971.428571428565
344,0,37,76000.0,13,0,0.2777777777777778,0.3802083333333333,2971.428571428565
345,0,47,80000.0,21,0,0.2777777777777778,0.3802083333333333,6971.428571428565
346,0,37,82400.0,21,0,0.2777777777777778,0.3802083333333333,9371.428571428565
347,0,29,6144.0,8,0,0.31433823529411764,0.3802083333333333,-28087.75
348,0,27,6144.0,4,0,0.31433823529411764,0.3802083333333333,-28087.75
349,0,25,6144.0,10,0,0.31433823529411764,0.3802083333333333,-28087.75
350,0,35,16000.0,12,0,0.31433823529411764,0.3802083333333333,-18231.75
351,1,33,30000.0,11,0,0.31433823529411764,0.3802083333333333,-4231.75
352,1,33,30400.0,33,0,0.31433823529411764,0.3802083333333333,-3831.75
353,0,40,32800.0,17,0,0.31433823529411764,0.3802083333333333,-1431.75
354,0,34,34650.0,17,0,0.31433823529411764,0.3802083333333333,418.25
355,1,33,34800.0,21,0,0.31433823529411764,0.3802083333333333,568.25
356,1,29,35520.0,22,0,0.31433823529411764,0.3802083333333333,1288.25
357,0,36,36000.0,9,0,0.31433823529411764,0.3802083333333333,1768.25
358,1,35,36960.0,34,0,0.31433823529411764,0.3802083333333333,2728.25
359,1,33,37600.0,14,0,0.31433823529411764,0.3802083333333333,3368.25
360,1,37,40000.0,18,0,0.31433823529411764,0.3802083333333333,5768.25
361,1,36,40000.0,1,0,0.31433823529411764,0.3802083333333333,5768.25
362,1,37,40800.0,35,0,0.31433823529411764,0.3802083333333333,6568.25
363,1,40,41600.0,27,0,0.31433823529411764,0.3802083333333333,7368.25
364,1,27,43200.0,47,0,0.31433823529411764,0.3802083333333333,8968.25
365,1,28,43200.0,30,0,0.31433823529411764,0.3802083333333333,8968.25
366,0,42,43200.0,3,0,0.31433823529411764,0.3802083333333333,8968.25
367,1,38,44000.0,50,0,0.31433823529411764,0.3802083333333333,9768.25
368,1,39,44000.0,15,0,0.31433823529411764,0.3802083333333333,9768.25
369,0,47,44000.0,2,0,0.31433823529411764,0.3802083333333333,9768.25
370,1,39,54400.0,1,0,0.31433823529411764,0.3802083333333333,20168.25
371,0,27,17200.0,21,0,0.38461538461538464,0.2777777777777778,-816.0
372,0,24,18832.0,24,0,0.38461538461538464,0.2777777777777778,816.0
373,1,25,22400.0,9,0,0.3023255813953488,0.2777777777777778,-2933.333333333332
374,1,28,25600.0,11,0,0.3023255813953488,0.2777777777777778,266.6666666666679
375,0,29,28000.0,1,0,0.3023255813953488,0.2777777777777778,2666.666666666668
376,0,44,32000.0,19,0,0.24858757062146894,0.2777777777777778,-1600.0
377,0,34,32000.0,19,0,0.24858757062146894,0.2777777777777778,-1600.0
378,0,28,32000.0,15,0,0.24858757062146894,0.2777777777777778,-1600.0
379,0,28,34400.0,7,0,0.24858757062146894,0.2777777777777778,800.0
380,0,28,37600.0,19,0,0.24858757062146894,0.2777777777777778,4000.0
381,1,40,48000.0,26,0,0.18181818181818182,0.2777777777777778,0.0
382,1,33,40000.0,16,0,0.47619047619047616,0.2777777777777778,0.0
383,0,34,64000.0,26,0,0.2777777777777778,0.2777777777777778,-3000.0
384,1,47,64000.0,13,0,0.2777777777777778,0.2777777777777778,-3000.0
385,0,45,64000.0,5,0,0.2777777777777778,0.2777777777777778,-3000.0
386,0,34,76000.0,30,0,0.2777777777777778,0.2777777777777778,9000.0
387,0,28,17600.0,12,0,0.31433823529411764,0.2777777777777778,-2000.0
388,0,35,21600.0,17,0,0.31433823529411764,0.2777777777777778,2000.0
389,0,27,11520.0,1,0,0.0,0.3333333333333333,-1440.0
390,0,26,14400.0,2,0,0.0,0.3333333333333333,1440.0
391,0,27,20800.0,4,0,0.38461538461538464,0.3333333333333333,-3708.0
392,1,30,24000.0,25,0,0.38461538461538464,0.3333333333333333,-508.0
393,1,29,24000.0,26,0,0.38461538461538464,0.3333333333333333,-508.0
394,1,27,24800.0,21,0,0.38461538461538464,0.3333333333333333,292.0
395,0,23,24800.0,1,0,0.38461538461538464,0.3333333333333333,292.0
396,1,29,24864.0,24,0,0.38461538461538464,0.3333333333333333,356.0
397,1,28,25600.0,26,0,0.38461538461538464,0.3333333333333333,1092.0
398,0,29,27200.0,31,0,0.38461538461538464,0.3333333333333333,2692.0
399,0,34,29600.0,13,0,0.3023255813953488,0.3333333333333333,-3587.75
400,0,26,29600.0,2,0,0.3023255813953488,0.3333333333333333,-3587.75
401,0,31,30414.0,45,0,0.3023255813953488,0.3333333333333333,-2773.75
402,0,36,32000.0,7,0,0.3023255813953488,0.3333333333333333,-1187.75
403,1,32,33600.0,32,0,0.3023255813953488,0.3333333333333333,412.25
404,0,27,36000.0,37,0,0.3023255813953488,0.3333333333333333,2812.25
405,0,31,36800.0,9,0,0.3023255813953488,0.3333333333333333,3612.25
406,1,32,37488.0,44,0,0.3023255813953488,0.3333333333333333,4300.25
407,0,31,38400.0,35,0,0.24858757062146894,0.3333333333333333,-8152.540000000001
408,0,34,40000.0,22,0,0.24858757062146894,0.3333333333333333,-6552.540000000001
409,0,31,40320.0,27,0,0.24858757062146894,0.3333333333333333,-6232.540000000001
410,0,38,41600.0,13,0,0.24858757062146894,0.3333333333333333,-4952.540000000001
411,0,42,41600.0,9,0,0.24858757062146894,0.3333333333333333,-4952.540000000001
412,0,30,28471.040000000005,4,0,0.24858757062146894,0.3333333333333333,-18081.499999999996
413,0,32,45600.0,16,0,0.24858757062146894,0.3333333333333333,-952.5400000000009
414,0,30,47200.0,2,0,0.24858757062146894,0.3333333333333333,647.4599999999991
415,0,32,48000.0,36,0,0.24858757062146894,0.3333333333333333,1447.4599999999991
416,0,37,48000.0,13,0,0.24858757062146894,0.3333333333333333,1447.4599999999991
417,0,30,48000.0,12,0,0.24858757062146894,0.3333333333333333,1447.4599999999991
418,0,34,48000.0,12,0,0.24858757062146894,0.3333333333333333,1447.4599999999991
419,0,40,49600.0,1,0,0.24858757062146894,0.3333333333333333,3047.459999999999
420,0,33,56000.0,0,0,0.24858757062146894,0.3333333333333333,9447.46
421,0,34,58974.4,3,1,0.24858757062146894,0.3333333333333333,12421.86
422,0,33,65075.2,13,1,0.24858757062146894,0.3333333333333333,18522.659999999996
423,0,35,50400.0,39,0,0.18181818181818182,0.3333333333333333,-3733.3333333333358
424,0,42,56000.0,13,0,0.18181818181818182,0.3333333333333333,1866.6666666666642
425,0,34,56000.0,3,0,0.18181818181818182,0.3333333333333333,1866.6666666666642
426,1,28,39200.0,45,0,0.47619047619047616,0.3333333333333333,-3840.0
427,1,44,42400.0,33,0,0.47619047619047616,0.3333333333333333,-640.0
428,1,37,44000.0,37,0,0.47619047619047616,0.3333333333333333,960.0
429,1,28,44000.0,25,0,0.47619047619047616,0.3333333333333333,960.0
430,1,34,45600.0,45,0,0.47619047619047616,0.3333333333333333,2560.0
431,1,35,60000.0,32,0,0.23529411764705882,0.3333333333333333,-9066.666666666672
432,0,38,64800.0,0,0,0.23529411764705882,0.3333333333333333,-4266.6666666666715
433,0,36,82400.0,20,0,0.23529411764705882,0.3333333333333333,13333.333333333328
434,1,33,77040.0,19,0,0.2777777777777778,0.3333333333333333,-1135.199999999997
435,0,39,79310.4,0,1,0.2777777777777778,0.3333333333333333,1135.199999999997
436,0,26,12288.0,6,0,0.31433823529411764,0.3333333333333333,-6840.0
437,1,37,13824.0,3,0,0.31433823529411764,0.3333333333333333,-5304.0
438,1,31,24000.0,10,0,0.31433823529411764,0.3333333333333333,4872.0
439,1,26,26400.0,15,0,0.31433823529411764,0.3333333333333333,7272.0
440,0,31,19200.0,29,0,0.38461538461538464,0.3,-1866.6666666666679
441,1,25,21600.0,4,0,0.38461538461538464,0.3,533.3333333333321
442,1,30,22400.0,18,0,0.38461538461538464,0.3,1333.3333333333321
443,0,39,24000.0,49,0,0.3023255813953488,0.3,-4000.0
444,0,41,24000.0,44,0,0.3023255813953488,0.3,-4000.0
445,0,29,24000.0,33,0,0.3023255813953488,0.3,-4000.0
446,0,26,24000.0,13,0,0.3023255813953488,0.3,-4000.0
447,1,29,24000.0,11,0,0.3023255813953488,0.3,-4000.0
448,0,33,25600.0,53,0,0.3023255813953488,0.3,-2400.0
449,0,46,28000.0,23,0,0.3023255813953488,0.3,0.0
450,1,33,28800.0,18,0,0.3023255813953488,0.3,800.0
451,0,33,29600.0,20,0,0.3023255813953488,0.3,1600.0
452,0,28,29600.0,25,0,0.3023255813953488,0.3,1600.0
453,1,42,30400.0,21,0,0.3023255813953488,0.3,2400.0
454,1,37,32000.0,1,0,0.3023255813953488,0.3,4000.0
455,0,37,32800.0,9,0,0.3023255813953488,0.3,4800.0
456,0,32,35200.0,21,0,0.3023255813953488,0.3,7200.0
457,0,29,32800.0,20,0,0.24858757062146894,0.3,-6461.672727272729
458,1,43,35200.0,14,0,0.24858757062146894,0.3,-4061.6727272727294
459,1,37,37600.0,39,0,0.24858757062146894,0.3,-1661.6727272727294
460,0,44,40000.0,32,0,0.24858757062146894,0.3,738.3272727272706
461,0,35,43200.0,8,0,0.24858757062146894,0.3,3938.3272727272706
462,0,35,44000.0,7,0,0.24858757062146894,0.3,4738.327272727271
463,0,36,30113.600000000006,4,0,0.24858757062146894,0.3,-9148.072727272724
464,1,37,45600.0,6,0,0.24858757062146894,0.3,6338.327272727271
465,0,37,46400.0,27,0,0.24858757062146894,0.3,7138.327272727271
466,0,44,38326.4,4,0,0.24858757062146894,0.3,-935.2727272727279
467,0,39,38638.399999999994,0,1,0.24858757062146894,0.3,-623.2727272727352
468,0,44,56000.0,23,0,0.18181818181818182,0.3,0.0
469,0,32,41600.0,37,0,0.3333333333333333,0.3,0.0
470,0,44,28000.0,4,0,0.47619047619047616,0.3,-9760.0
471,0,34,36000.0,46,0,0.47619047619047616,0.3,-1760.0
472,0,44,36800.0,8,0,0.47619047619047616,0.3,-960.0
473,1,31,40000.0,47,0,0.47619047619047616,0.3,2240.0
474,0,32,48000.0,20,0,0.47619047619047616,0.3,10240.0
475,1,36,57685.0,46,0,0.23529411764705882,0.3,-1957.5
476,0,36,61600.0,23,0,0.23529411764705882,0.3,1957.5
477,0,35,80000.0,29,0,0.2777777777777778,0.3,0.0
478,0,28,6047.0,1,0,0.31433823529411764,0.3,-20480.916666666668
479,0,31,12288.0,5,0,0.31433823529411764,0.3,-14239.916666666668
480,0,33,19200.0,9,0,0.31433823529411764,0.3,-7327.916666666668
481,1,34,19200.0,15,0,0.31433823529411764,0.3,-7327.916666666668
482,0,41,19200.0,7,0,0.31433823529411764,0.3,-7327.916666666668
483,0,47,20000.0,5,0,0.31433823529411764,0.3,-6527.916666666668
484,0,45,24800.0,21,0,0.31433823529411764,0.3,-1727.9166666666679
485,0,47,24800.0,38,0,0.31433823529411764,0.3,-1727.9166666666679
486,1,33,32000.0,19,0,0.31433823529411764,0.3,5472.083333333332
487,1,31,35200.0,43,0,0.31433823529411764,0.3,8672.083333333332
488,0,37,49600.0,47,0,0.31433823529411764,0.3,23072.083333333332
489,1,45,56000.0,51,0,0.31433823529411764,0.3,29472.083333333332
490,1,28,28800.0,30,0,0.38461538461538464,0.45454545454545453,-1600.0
491,0,31,32000.0,4,0,0.38461538461538464,0.45454545454545453,1600.0
492,1,28,36800.0,20,0,0.3023255813953488,0.45454545454545453,-10359.63636363636
493,1,33,37600.0,29,0,0.3023255813953488,0.45454545454545453,-9559.63636363636
494,0,28,40000.0,21,0,0.3023255813953488,0.45454545454545453,-7159.63636363636
495,0,27,45156.0,24,0,0.3023255813953488,0.45454545454545453,-2003.6363636363603
496,1,34,46400.0,39,0,0.3023255813953488,0.45454545454545453,-759.6363636363603
497,1,36,48000.0,7,0,0.3023255813953488,0.45454545454545453,840.3636363636397
498,1,30,50400.0,38,0,0.3023255813953488,0.45454545454545453,3240.3636363636397
499,0,43,50400.0,26,0,0.3023255813953488,0.45454545454545453,3240.3636363636397
500,0,27,52000.0,6,0,0.3023255813953488,0.45454545454545453,4840.36363636364
501,0,28,56000.0,20,0,0.3023255813953488,0.45454545454545453,8840.36363636364
502,0,32,56000.0,17,0,0.3023255813953488,0.45454545454545453,8840.36363636364
503,0,35,60000.0,22,0,0.24858757062146894,0.45454545454545453,-9416.914285714287
504,0,37,65600.0,35,0,0.24858757062146894,0.45454545454545453,-3816.914285714287
505,0,32,68000.0,4,0,0.24858757062146894,0.45454545454545453,-1416.914285714287
506,1,38,76000.0,9,0,0.24858757062146894,0.45454545454545453,6583.085714285713
507,1,37,76000.0,9,0,0.24858757062146894,0.45454545454545453,6583.085714285713
508,0,30,63041.6,38,1,0.24858757062146894,0.45454545454545453,-6375.314285714288
509,1,31,77276.79999999999,3,1,0.24858757062146894,0.45454545454545453,7859.885714285701
510,0,40,51200.0,17,0,0.18181818181818182,0.45454545454545453,-4400.0
511,0,40,60000.0,23,0,0.18181818181818182,0.45454545454545453,4400.0
512,1,39,79310.4,30,1,0.3333333333333333,0.45454545454545453,0.0
513,1,30,52800.0,58,0,0.47619047619047616,0.45454545454545453,0.0
514,0,32,57600.0,23,0,0.23529411764705882,0.45454545454545453,-7800.0
515,0,38,64000.0,34,0,0.23529411764705882,0.45454545454545453,-1400.0
516,0,30,68000.0,43,0,0.23529411764705882,0.45454545454545453,2600.0
517,0,33,72000.0,13,0,0.23529411764705882,0.45454545454545453,6600.0
518,1,37,32000.0,16,0,0.31433823529411764,0.45454545454545453,-7520.0
519,1,31,36000.0,19,0,0.31433823529411764,0.45454545454545453,-3520.0
520,1,39,36000.0,14,0,0.31433823529411764,0.45454545454545453,-3520.0
521,1,42,36000.0,1,0,0.31433823529411764,0.45454545454545453,-3520.0
522,0,46,57600.0,1,0,0.31433823529411764,0.45454545454545453,18080.0
523,0,44,67892.48,19,0,0.0,0.0,0.0
524,0,35,30400.0,10,0,0.38461538461538464,0.0,0.0
525,0,26,30400.0,9,0,0.38461538461538464,0.0,0.0
526,0,29,36000.0,14,0,0.3023255813953488,0.0,0.0
527,0,37,48000.0,8,0,0.24858757062146894,0.0,-4160.0
528,0,44,48000.0,1,0,0.24858757062146894,0.0,-4160.0
529,0,40,60480.0,19,0,0.24858757062146894,0.0,8320.0
530,0,41,80000.0,16,0,0.2777777777777778,0.0,0.0
531,0,21,9984.0,4,0,0.0,0.0,-947.3333333333339
532,0,24,11290.0,5,0,0.0,0.0,358.66666666666606
533,0,23,11520.0,0,0,0.0,0.0,588.6666666666661
534,0,24,25600.0,9,0,0.38461538461538464,0.0,-640.0
535,0,27,26880.0,20,0,0.38461538461538464,0.0,640.0
536,0,27,32000.0,20,0,0.3023255813953488,0.0,0.0
537,0,28,37600.0,24,0,0.24858757062146894,0.0,-8108.666666666664
538,0,29,45126.0,27,0,0.24858757062146894,0.0,-582.6666666666642
539,0,33,54400.0,3,0,0.24858757062146894,0.0,8691.333333333336
540,0,32,77600.0,0,0,0.18181818181818182,0.0,0.0
541,0,23,12689.663999999999,1,1,0.0,0.3333333333333333,0.0
542,0,25,12689.663999999999,3,1,0.31433823529411764,0.3333333333333333,-7779.168
543,1,35,28248.0,26,0,0.31433823529411764,0.3333333333333333,7779.1680000000015
