EEID,Attrition,Age,Pay rate EUR,Length of service: Months,Female,North America,Level_attrition_proportion,Division_attrition_proportion,Pay_rate_diff
343,0,28,6047.0,1,1,0,0.31433823529411764,0.3,-20480.916666666668
483,0,31,12288.0,5,1,0,0.31433823529411764,0.3,-14239.916666666668
488,0,33,19200.0,9,1,0,0.31433823529411764,0.3,-7327.916666666668
489,1,34,19200.0,15,1,0,0.31433823529411764,0.3,-7327.916666666668
359,0,41,19200.0,7,1,0,0.31433823529411764,0.3,-7327.916666666668
487,0,47,20000.0,5,1,0,0.31433823529411764,0.3,-6527.916666666668
490,0,45,24800.0,21,1,0,0.31433823529411764,0.3,-1727.9166666666679
491,0,47,24800.0,38,0,0,0.31433823529411764,0.3,-1727.9166666666679
471,1,33,32000.0,19,1,0,0.31433823529411764,0.3,5472.083333333332
494,1,31,35200.0,43,1,0,0.31433823529411764,0.3,8672.083333333332
395,0,37,49600.0,47,1,0,0.31433823529411764,0.3,23072.083333333332
475,1,45,56000.0,51,1,0,0.31433823529411764,0.3,29472.083333333332
468,0,29,6144.0,8,0,0,0.31433823529411764,0.3802083333333333,-28087.75
458,0,27,6144.0,4,0,0,0.31433823529411764,0.3802083333333333,-28087.75
379,0,25,6144.0,10,0,0,0.31433823529411764,0.3802083333333333,-28087.75
481,0,35,16000.0,12,0,0,0.31433823529411764,0.3802083333333333,-18231.75
477,1,33,30000.0,11,0,0,0.31433823529411764,0.3802083333333333,-4231.75
453,1,33,30400.0,33,0,0,0.31433823529411764,0.3802083333333333,-3831.75
480,0,40,32800.0,17,0,0,0.31433823529411764,0.3802083333333333,-1431.75
370,0,34,34650.0,17,0,0,0.31433823529411764,0.3802083333333333,418.25
465,1,33,34800.0,21,0,0,0.31433823529411764,0.3802083333333333,568.25
452,1,29,35520.0,22,0,0,0.31433823529411764,0.3802083333333333,1288.25
476,0,36,36000.0,9,0,0,0.31433823529411764,0.3802083333333333,1768.25
472,1,35,36960.0,34,0,0,0.31433823529411764,0.3802083333333333,2728.25
407,1,33,37600.0,14,0,0,0.31433823529411764,0.3802083333333333,3368.25
396,1,37,40000.0,18,0,0,0.31433823529411764,0.3802083333333333,5768.25
474,1,36,40000.0,1,0,0,0.31433823529411764,0.3802083333333333,5768.25
470,1,37,40800.0,35,1,0,0.31433823529411764,0.3802083333333333,6568.25
406,1,40,41600.0,27,0,0,0.31433823529411764,0.3802083333333333,7368.25
473,1,27,43200.0,47,1,0,0.31433823529411764,0.3802083333333333,8968.25
654,1,28,43200.0,30,0,0,0.31433823529411764,0.3802083333333333,8968.25
426,0,42,43200.0,3,0,0,0.31433823529411764,0.3802083333333333,8968.25
478,1,38,44000.0,50,0,0,0.31433823529411764,0.3802083333333333,9768.25
497,1,39,44000.0,15,1,0,0.31433823529411764,0.3802083333333333,9768.25
347,0,47,44000.0,2,0,0,0.31433823529411764,0.3802083333333333,9768.25
495,1,39,54400.0,1,0,0,0.31433823529411764,0.3802083333333333,20168.25
570,0,21,9984.0,4,0,0,0.0,0.0,-947.3333333333339
676,0,24,11290.0,5,1,0,0.0,0.0,358.66666666666606
776,0,23,11520.0,0,1,0,0.0,0.0,588.6666666666661
410,0,24,11341.0,6,0,0,0.0,0.3802083333333333,0.0
752,0,27,11520.0,1,0,0,0.0,0.3333333333333333,-1440.0
620,0,26,14400.0,2,1,0,0.0,0.3333333333333333,1440.0
336,0,26,12288.0,6,1,0,0.31433823529411764,0.3333333333333333,-6840.0
384,1,37,13824.0,3,1,0,0.31433823529411764,0.3333333333333333,-5304.0
440,1,31,24000.0,10,0,0,0.31433823529411764,0.3333333333333333,4872.0
441,1,26,26400.0,15,1,0,0.31433823529411764,0.3333333333333333,7272.0
387,0,32,12480.0,5,1,0,0.31433823529411764,0.24528301886792453,0.0
249,0,27,17200.0,21,1,0,0.38461538461538464,0.2777777777777778,-816.0
144,0,24,18832.0,24,1,0,0.38461538461538464,0.2777777777777778,816.0
451,0,28,17600.0,12,1,0,0.31433823529411764,0.2777777777777778,-2000.0
484,0,35,21600.0,17,0,0,0.31433823529411764,0.2777777777777778,2000.0
648,1,29,18400.0,8,1,0,0.31433823529411764,0.2318840579710145,-17120.0
482,1,31,24000.0,11,0,0,0.31433823529411764,0.2318840579710145,-11520.0
372,0,32,31200.0,34,0,0,0.31433823529411764,0.2318840579710145,-4320.0
417,0,35,40000.0,8,1,0,0.31433823529411764,0.2318840579710145,4480.0
418,0,44,64000.0,9,0,0,0.31433823529411764,0.2318840579710145,28480.0
158,0,31,19200.0,29,0,0,0.38461538461538464,0.3,-1866.6666666666679
123,1,25,21600.0,4,1,0,0.38461538461538464,0.3,533.3333333333321
344,1,30,22400.0,18,1,0,0.38461538461538464,0.3,1333.3333333333321
587,0,26,20000.0,13,0,0,0.38461538461538464,0.3802083333333333,-9200.0
306,1,33,28800.0,5,1,0,0.38461538461538464,0.3802083333333333,-400.0
200,1,32,38800.0,41,0,0,0.38461538461538464,0.3802083333333333,9600.0
701,0,27,20800.0,4,1,0,0.38461538461538464,0.3333333333333333,-3708.0
337,1,30,24000.0,25,1,0,0.38461538461538464,0.3333333333333333,-508.0
204,1,29,24000.0,26,0,0,0.38461538461538464,0.3333333333333333,-508.0
288,1,27,24800.0,21,1,0,0.38461538461538464,0.3333333333333333,292.0
742,0,23,24800.0,1,1,0,0.38461538461538464,0.3333333333333333,292.0
265,1,29,24864.0,24,1,0,0.38461538461538464,0.3333333333333333,356.0
339,1,28,25600.0,26,1,0,0.38461538461538464,0.3333333333333333,1092.0
217,0,29,27200.0,31,0,0,0.38461538461538464,0.3333333333333333,2692.0
539,0,29,21600.0,15,1,0,0.3023255813953488,0.2318840579710145,-3355.121190909089
612,0,35,21600.0,12,0,0,0.3023255813953488,0.2318840579710145,-3355.121190909089
728,0,30,21600.0,2,1,0,0.3023255813953488,0.2318840579710145,-3355.121190909089
345,1,39,23184.0,20,0,0,0.3023255813953488,0.2318840579710145,-1771.121190909089
324,1,33,24000.0,22,1,0,0.3023255813953488,0.2318840579710145,-955.1211909090889
748,0,37,24000.0,1,1,0,0.3023255813953488,0.2318840579710145,-955.1211909090889
766,0,26,24800.0,0,1,0,0.3023255813953488,0.2318840579710145,-155.1211909090889
300,0,27,25440.0,21,0,0,0.3023255813953488,0.2318840579710145,484.8788090909111
178,0,44,25440.0,19,0,0,0.3023255813953488,0.2318840579710145,484.8788090909111
152,0,25,25440.0,18,1,0,0.3023255813953488,0.2318840579710145,484.8788090909111
252,0,29,25970.0,48,0,0,0.3023255813953488,0.2318840579710145,1014.8788090909111
463,1,30,26400.0,36,1,0,0.3023255813953488,0.2318840579710145,1444.878809090911
735,0,24,26400.0,2,1,0,0.3023255813953488,0.2318840579710145,1444.878809090911
366,1,38,27600.0,35,0,0,0.3023255813953488,0.2318840579710145,2644.878809090911
527,0,33,27720.0,17,0,0,0.3023255813953488,0.2318840579710145,2764.878809090911
357,1,34,28000.0,23,1,0,0.3023255813953488,0.2318840579710145,3044.878809090911
729,0,29,28000.0,2,1,0,0.3023255813953488,0.2318840579710145,3044.878809090911
736,0,26,28000.0,1,1,0,0.3023255813953488,0.2318840579710145,3044.878809090911
273,0,34,28248.0,26,1,0,0.3023255813953488,0.2318840579710145,3292.878809090911
172,0,30,28800.0,42,0,0,0.3023255813953488,0.2318840579710145,3844.878809090911
624,0,28,28800.0,12,1,0,0.3023255813953488,0.2318840579710145,3844.878809090911
632,1,36,30400.0,9,1,0,0.3023255813953488,0.2318840579710145,5444.878809090911
512,0,29,30784.0,16,1,0,0.3023255813953488,0.2318840579710145,5828.878809090911
505,0,35,30784.0,16,0,0,0.3023255813953488,0.2318840579710145,5828.878809090911
173,0,33,34560.0,24,1,0,0.3023255813953488,0.2318840579710145,9604.878809090911
691,0,27,19115.839999999997,5,1,1,0.3023255813953488,0.2318840579710145,-5839.281190909092
626,0,40,19929.28,11,0,1,0.3023255813953488,0.2318840579710145,-5025.84119090909
636,0,32,19929.28,11,1,1,0.3023255813953488,0.2318840579710145,-5025.84119090909
690,0,33,19929.28,5,0,1,0.3023255813953488,0.2318840579710145,-5025.84119090909
715,0,27,19929.28,3,1,1,0.3023255813953488,0.2318840579710145,-5025.84119090909
743,0,32,19929.28,1,0,1,0.3023255813953488,0.2318840579710145,-5025.84119090909
740,0,27,19929.28,1,1,1,0.3023255813953488,0.2318840579710145,-5025.84119090909
134,1,31,20365.9956,49,0,1,0.3023255813953488,0.2318840579710145,-4589.1255909090905
516,0,31,20527.1584,16,1,1,0.3023255813953488,0.2318840579710145,-4427.962790909089
167,0,32,41600.0,19,1,0,0.3023255813953488,0.2318840579710145,16644.87880909091
124,0,32,21149.44,18,0,1,0.3023255813953488,0.2318840579710145,-3805.68119090909
517,0,34,21149.44,16,1,1,0.3023255813953488,0.2318840579710145,-3805.68119090909
726,0,27,21149.44,2,0,1,0.3023255813953488,0.2318840579710145,-3805.68119090909
132,0,28,21331.4472,47,1,1,0.3023255813953488,0.2318840579710145,-3623.67399090909
699,0,34,22369.6,4,0,1,0.3023255813953488,0.2318840579710145,-2585.5211909090904
696,0,37,23183.04,4,1,1,0.3023255813953488,0.2318840579710145,-1772.081190909088
653,0,33,24403.2,10,1,1,0.3023255813953488,0.2318840579710145,-551.9211909090882
135,0,34,26776.411199999995,39,1,1,0.3023255813953488,0.2318840579710145,1821.290009090906
499,1,33,27758.64,17,1,1,0.3023255813953488,0.2318840579710145,2803.5188090909105
581,0,34,21600.0,13,1,0,0.0,0.2926829268292683,0.0
323,1,25,22400.0,9,1,0,0.3023255813953488,0.2777777777777778,-2933.333333333332
433,1,28,25600.0,11,0,0,0.3023255813953488,0.2777777777777778,266.6666666666679
751,0,29,28000.0,1,1,0,0.3023255813953488,0.2777777777777778,2666.666666666668
157,0,39,24000.0,49,0,0,0.3023255813953488,0.3,-4000.0
171,0,41,24000.0,44,1,0,0.3023255813953488,0.3,-4000.0
156,0,29,24000.0,33,0,0,0.3023255813953488,0.3,-4000.0
577,0,26,24000.0,13,1,0,0.3023255813953488,0.3,-4000.0
605,1,29,24000.0,11,1,0,0.3023255813953488,0.3,-4000.0
154,0,33,25600.0,53,0,0,0.3023255813953488,0.3,-2400.0
130,0,46,28000.0,23,1,0,0.3023255813953488,0.3,0.0
211,1,33,28800.0,18,1,0,0.3023255813953488,0.3,800.0
203,0,33,29600.0,20,0,0,0.3023255813953488,0.3,1600.0
120,0,28,29600.0,25,1,0,0.3023255813953488,0.3,1600.0
391,1,42,30400.0,21,1,0,0.3023255813953488,0.3,2400.0
705,1,37,32000.0,1,1,0,0.3023255813953488,0.3,4000.0
371,0,37,32800.0,9,1,0,0.3023255813953488,0.3,4800.0
258,0,32,35200.0,21,1,0,0.3023255813953488,0.3,7200.0
753,0,28,24800.0,1,1,0,0.3023255813953488,0.2926829268292683,-6493.923076923078
668,0,30,25840.0,8,1,0,0.3023255813953488,0.2926829268292683,-5453.923076923078
456,1,31,26400.0,30,1,0,0.3023255813953488,0.2926829268292683,-4893.923076923078
592,0,25,27200.0,13,0,0,0.3023255813953488,0.2926829268292683,-4093.923076923078
215,1,28,29621.0,44,0,0,0.3023255813953488,0.2926829268292683,-1672.923076923078
673,0,33,30400.0,6,0,0,0.3023255813953488,0.2926829268292683,-893.923076923078
681,0,34,30400.0,6,1,0,0.3023255813953488,0.2926829268292683,-893.923076923078
436,1,34,31200.0,29,1,0,0.3023255813953488,0.2926829268292683,-93.92307692307804
613,0,30,32000.0,11,1,0,0.3023255813953488,0.2926829268292683,706.076923076922
650,0,30,32000.0,9,0,0,0.3023255813953488,0.2926829268292683,706.076923076922
434,0,30,36160.0,18,0,0,0.3023255813953488,0.2926829268292683,4866.076923076922
424,1,33,36800.0,30,0,0,0.3023255813953488,0.2926829268292683,5506.076923076922
432,1,39,44000.0,48,1,0,0.3023255813953488,0.2926829268292683,12706.076923076922
428,0,23,12689.663999999999,1,1,1,0.0,0.3333333333333333,0.0
457,0,25,12689.663999999999,3,0,1,0.31433823529411764,0.3333333333333333,-7779.168
427,1,35,28248.0,26,1,0,0.31433823529411764,0.3333333333333333,7779.1680000000015
139,0,37,25200.0,36,0,0,0.38461538461538464,0.25,0.0
639,0,24,25600.0,9,0,0,0.38461538461538464,0.0,-640.0
206,0,27,26880.0,20,0,0,0.38461538461538464,0.0,640.0
263,0,26,26000.0,26,0,0,0.38461538461538464,0.2926829268292683,0.0
310,0,31,26082.0,54,1,0,0.3023255813953488,0.24528301886792453,-14016.615384615383
341,1,33,35120.0,16,0,0,0.3023255813953488,0.24528301886792453,-4978.615384615383
739,0,41,38080.0,1,1,0,0.3023255813953488,0.24528301886792453,-2018.615384615383
226,0,29,38160.0,20,1,0,0.3023255813953488,0.24528301886792453,-1938.615384615383
365,1,28,38240.0,15,0,0,0.3023255813953488,0.24528301886792453,-1858.615384615383
313,1,31,40000.0,42,0,0,0.3023255813953488,0.24528301886792453,-98.61538461538294
529,0,29,40000.0,17,0,0,0.3023255813953488,0.24528301886792453,-98.61538461538294
640,0,33,40000.0,10,1,0,0.3023255813953488,0.24528301886792453,-98.61538461538294
707,0,36,40000.0,3,0,0,0.3023255813953488,0.24528301886792453,-98.61538461538294
754,0,29,40000.0,1,1,0,0.3023255813953488,0.24528301886792453,-98.61538461538294
665,0,30,44800.0,8,0,0,0.3023255813953488,0.24528301886792453,4701.384615384617
575,0,33,50400.0,13,0,0,0.3023255813953488,0.24528301886792453,10301.384615384617
720,0,32,50400.0,2,0,0,0.3023255813953488,0.24528301886792453,10301.384615384617
402,1,33,26400.0,5,0,0,0.31433823529411764,0.2926829268292683,-2800.0
435,0,34,32000.0,23,0,0,0.31433823529411764,0.2926829268292683,2800.0
254,0,34,28000.0,38,1,0,0.24858757062146894,0.2318840579710145,-7451.290909090909
253,0,36,29245.0,58,1,0,0.24858757062146894,0.2318840579710145,-6206.290909090909
448,1,37,29920.0,31,1,0,0.24858757062146894,0.2318840579710145,-5531.290909090909
251,0,38,32256.0,28,0,0,0.24858757062146894,0.2318840579710145,-3195.290909090909
311,1,40,33600.0,44,1,0,0.24858757062146894,0.2318840579710145,-1851.2909090909088
708,0,29,35200.0,4,0,0,0.24858757062146894,0.2318840579710145,-251.29090909090883
312,0,43,35708.0,61,0,0,0.24858757062146894,0.2318840579710145,256.7090909090912
295,0,43,36624.0,45,0,0,0.24858757062146894,0.2318840579710145,1172.7090909090912
558,0,37,44000.0,11,0,0,0.24858757062146894,0.2318840579710145,8548.709090909091
702,0,30,36604.8,4,0,1,0.24858757062146894,0.2318840579710145,1153.509090909094
661,0,28,48806.4,9,1,1,0.24858757062146894,0.2318840579710145,13355.109090909093
153,0,44,28000.0,4,1,0,0.47619047619047616,0.3,-9760.0
350,0,34,36000.0,46,1,0,0.47619047619047616,0.3,-1760.0
660,0,44,36800.0,8,1,0,0.47619047619047616,0.3,-960.0
378,1,31,40000.0,47,1,0,0.47619047619047616,0.3,2240.0
146,0,32,48000.0,20,0,0,0.47619047619047616,0.3,10240.0
493,1,28,28800.0,30,0,0,0.38461538461538464,0.45454545454545453,-1600.0
685,0,31,32000.0,4,1,0,0.38461538461538464,0.45454545454545453,1600.0
338,0,34,29600.0,13,1,0,0.3023255813953488,0.3333333333333333,-3587.75
733,0,26,29600.0,2,1,0,0.3023255813953488,0.3333333333333333,-3587.75
214,0,31,30414.0,45,0,0,0.3023255813953488,0.3333333333333333,-2773.75
138,0,36,32000.0,7,1,0,0.3023255813953488,0.3333333333333333,-1187.75
326,1,32,33600.0,32,0,0,0.3023255813953488,0.3333333333333333,412.25
287,0,27,36000.0,37,1,0,0.3023255813953488,0.3333333333333333,2812.25
656,0,31,36800.0,9,1,0,0.3023255813953488,0.3333333333333333,3612.25
255,1,32,37488.0,44,0,0,0.3023255813953488,0.3333333333333333,4300.25
646,0,35,30400.0,10,1,0,0.38461538461538464,0.0,0.0
663,0,26,30400.0,9,0,0,0.38461538461538464,0.0,0.0
162,0,30,31200.0,19,0,0,0.38461538461538464,0.24528301886792453,0.0
469,1,31,32000.0,32,1,0,0.47619047619047616,0.2318840579710145,-1982.290399999998
133,0,35,27071.2832,49,1,1,0.47619047619047616,0.2318840579710145,-6911.007199999996
136,1,35,28051.4784,43,0,1,0.47619047619047616,0.2318840579710145,-5930.811999999998
447,1,35,48806.4,43,1,1,0.47619047619047616,0.2318840579710145,14824.109600000003
386,1,37,32000.0,16,0,0,0.31433823529411764,0.45454545454545453,-7520.0
399,1,31,36000.0,19,0,0,0.31433823529411764,0.45454545454545453,-3520.0
422,1,39,36000.0,14,0,0,0.31433823529411764,0.45454545454545453,-3520.0
389,1,42,36000.0,1,0,0,0.31433823529411764,0.45454545454545453,-3520.0
373,0,46,57600.0,1,0,0,0.31433823529411764,0.45454545454545453,18080.0
141,0,42,32000.0,47,0,0,0.24858757062146894,0.25,-2733.0800000000017
140,1,31,38400.0,42,1,0,0.24858757062146894,0.25,3666.9199999999983
625,0,41,30504.0,12,0,1,0.24858757062146894,0.25,-4229.080000000002
560,0,31,38028.31999999999,15,1,1,0.24858757062146894,0.25,3295.2399999999907
222,0,38,32000.0,40,0,0,0.3023255813953488,0.3802083333333333,-7866.50689655172
423,1,32,33000.0,35,0,0,0.3023255813953488,0.3802083333333333,-6866.50689655172
186,0,28,34000.0,20,0,0,0.3023255813953488,0.3802083333333333,-5866.50689655172
486,1,25,34400.0,27,0,0,0.3023255813953488,0.3802083333333333,-5466.50689655172
506,0,32,34400.0,16,1,0,0.3023255813953488,0.3802083333333333,-5466.50689655172
645,0,30,34400.0,9,1,0,0.3023255813953488,0.3802083333333333,-5466.50689655172
129,1,30,35200.0,36,0,0,0.3023255813953488,0.3802083333333333,-4666.50689655172
599,0,28,35200.0,12,1,0,0.3023255813953488,0.3802083333333333,-4666.50689655172
445,1,30,36000.0,31,0,0,0.3023255813953488,0.3802083333333333,-3866.5068965517203
237,1,27,36000.0,18,0,0,0.3023255813953488,0.3802083333333333,-3866.5068965517203
610,0,28,36000.0,12,0,0,0.3023255813953488,0.3802083333333333,-3866.5068965517203
655,0,24,36000.0,9,0,0,0.3023255813953488,0.3802083333333333,-3866.5068965517203
244,1,28,36252.0,59,1,0,0.3023255813953488,0.3802083333333333,-3614.5068965517203
334,1,29,36800.0,33,0,0,0.3023255813953488,0.3802083333333333,-3066.5068965517203
501,0,35,36800.0,16,0,0,0.3023255813953488,0.3802083333333333,-3066.5068965517203
571,0,28,36800.0,14,0,0,0.3023255813953488,0.3802083333333333,-3066.5068965517203
706,0,32,36800.0,3,0,0,0.3023255813953488,0.3802083333333333,-3066.5068965517203
446,1,40,37200.0,25,0,0,0.3023255813953488,0.3802083333333333,-2666.5068965517203
618,0,35,37600.0,12,0,0,0.3023255813953488,0.3802083333333333,-2266.5068965517203
630,1,33,37600.0,6,0,0,0.3023255813953488,0.3802083333333333,-2266.5068965517203
318,1,34,37680.0,21,1,0,0.3023255813953488,0.3802083333333333,-2186.5068965517203
415,1,36,37800.0,45,0,0,0.3023255813953488,0.3802083333333333,-2066.5068965517203
380,1,29,38000.0,37,0,0,0.3023255813953488,0.3802083333333333,-1866.5068965517203
166,0,26,38160.0,19,0,0,0.3023255813953488,0.3802083333333333,-1706.5068965517203
197,0,30,38400.0,46,0,0,0.3023255813953488,0.3802083333333333,-1466.5068965517203
642,0,31,38400.0,10,0,0,0.3023255813953488,0.3802083333333333,-1466.5068965517203
671,0,34,38400.0,7,0,0,0.3023255813953488,0.3802083333333333,-1466.5068965517203
672,0,26,38400.0,7,0,0,0.3023255813953488,0.3802083333333333,-1466.5068965517203
498,1,29,38800.0,33,0,0,0.3023255813953488,0.3802083333333333,-1066.5068965517203
242,1,32,39359.0,38,1,0,0.3023255813953488,0.3802083333333333,-507.5068965517203
340,1,31,39480.0,29,1,0,0.3023255813953488,0.3802083333333333,-386.5068965517203
259,0,30,39600.0,24,0,0,0.3023255813953488,0.3802083333333333,-266.5068965517203
388,1,31,39800.0,26,1,0,0.3023255813953488,0.3802083333333333,-66.50689655172027
466,1,34,39800.0,17,0,0,0.3023255813953488,0.3802083333333333,-66.50689655172027
307,1,33,40000.0,11,0,0,0.3023255813953488,0.3802083333333333,133.49310344827973
555,0,28,40000.0,15,0,0,0.3023255813953488,0.3802083333333333,133.49310344827973
566,0,34,40000.0,14,0,0,0.3023255813953488,0.3802083333333333,133.49310344827973
607,0,25,40000.0,14,0,0,0.3023255813953488,0.3802083333333333,133.49310344827973
694,0,30,40000.0,4,0,0,0.3023255813953488,0.3802083333333333,133.49310344827973
191,1,29,41600.0,16,0,0,0.3023255813953488,0.3802083333333333,1733.4931034482797
309,0,35,41600.0,23,1,0,0.3023255813953488,0.3802083333333333,1733.4931034482797
617,0,29,41600.0,12,0,0,0.3023255813953488,0.3802083333333333,1733.4931034482797
609,0,30,41600.0,11,0,0,0.3023255813953488,0.3802083333333333,1733.4931034482797
652,0,31,41600.0,9,0,0,0.3023255813953488,0.3802083333333333,1733.4931034482797
713,0,30,41600.0,3,0,0,0.3023255813953488,0.3802083333333333,1733.4931034482797
201,0,31,42000.0,20,0,0,0.3023255813953488,0.3802083333333333,2133.4931034482797
717,0,44,42400.0,3,0,0,0.3023255813953488,0.3802083333333333,2533.4931034482797
741,0,36,42400.0,0,0,0,0.3023255813953488,0.3802083333333333,2533.4931034482797
332,1,36,44000.0,4,0,0,0.3023255813953488,0.3802083333333333,4133.49310344828
523,0,37,44000.0,1,0,0,0.3023255813953488,0.3802083333333333,4133.49310344828
666,0,30,44000.0,8,0,0,0.3023255813953488,0.3802083333333333,4133.49310344828
718,0,28,44000.0,3,0,0,0.3023255813953488,0.3802083333333333,4133.49310344828
569,0,43,48000.0,14,0,0,0.3023255813953488,0.3802083333333333,8133.49310344828
615,0,35,56000.0,11,0,0,0.3023255813953488,0.3802083333333333,16133.49310344828
749,0,30,38638.399999999994,1,0,1,0.3023255813953488,0.3802083333333333,-1228.106896551726
329,1,31,44739.2,9,0,1,0.3023255813953488,0.3802083333333333,4872.693103448277
588,0,31,56940.8,13,0,1,0.3023255813953488,0.3802083333333333,17074.293103448283
604,0,28,61008.0,13,0,1,0.3023255813953488,0.3802083333333333,21141.49310344828
291,0,44,32000.0,19,0,0,0.24858757062146894,0.2777777777777778,-1600.0
163,0,34,32000.0,19,1,0,0.24858757062146894,0.2777777777777778,-1600.0
568,0,28,32000.0,15,0,0,0.24858757062146894,0.2777777777777778,-1600.0
670,0,28,34400.0,7,0,0,0.24858757062146894,0.2777777777777778,800.0
159,0,28,37600.0,19,1,0,0.24858757062146894,0.2777777777777778,4000.0
182,0,27,32000.0,20,1,0,0.3023255813953488,0.0,0.0
208,0,29,32800.0,20,1,0,0.24858757062146894,0.3,-6461.672727272729
212,1,43,35200.0,14,1,0,0.24858757062146894,0.3,-4061.6727272727294
368,1,37,37600.0,39,0,0,0.24858757062146894,0.3,-1661.6727272727294
296,0,44,40000.0,32,1,0,0.24858757062146894,0.3,738.3272727272706
710,0,35,43200.0,8,0,0,0.24858757062146894,0.3,3938.3272727272706
674,0,35,44000.0,7,1,0,0.24858757062146894,0.3,4738.327272727271
697,0,36,30113.600000000006,4,0,0,0.24858757062146894,0.3,-9148.072727272724
221,1,37,45600.0,6,1,0,0.24858757062146894,0.3,6338.327272727271
348,0,37,46400.0,27,1,0,0.24858757062146894,0.3,7138.327272727271
698,0,44,38326.4,4,1,0,0.24858757062146894,0.3,-935.2727272727279
771,0,39,38638.399999999994,0,0,1,0.24858757062146894,0.3,-623.2727272727352
411,1,34,33600.0,8,0,0,0.24858757062146894,0.3802083333333333,-15201.808108108104
346,1,42,39200.0,27,0,0,0.24858757062146894,0.3802083333333333,-9601.808108108104
404,1,36,40000.0,5,0,0,0.24858757062146894,0.3802083333333333,-8801.808108108104
563,0,40,40000.0,14,0,0,0.24858757062146894,0.3802083333333333,-8801.808108108104
601,0,35,40000.0,13,0,0,0.24858757062146894,0.3802083333333333,-8801.808108108104
659,0,37,40000.0,8,0,0,0.24858757062146894,0.3802083333333333,-8801.808108108104
126,0,37,40800.0,18,0,0,0.24858757062146894,0.3802083333333333,-8001.808108108104
274,0,43,41200.0,28,0,0,0.24858757062146894,0.3802083333333333,-7601.808108108104
232,1,34,41600.0,55,0,0,0.24858757062146894,0.3802083333333333,-7201.808108108104
297,1,32,41600.0,36,0,0,0.24858757062146894,0.3802083333333333,-7201.808108108104
218,1,30,41600.0,18,0,0,0.24858757062146894,0.3802083333333333,-7201.808108108104
637,0,36,41600.0,11,0,0,0.24858757062146894,0.3802083333333333,-7201.808108108104
703,0,32,41600.0,4,0,0,0.24858757062146894,0.3802083333333333,-7201.808108108104
709,0,38,42400.0,3,0,0,0.24858757062146894,0.3802083333333333,-6401.808108108104
730,0,24,42400.0,2,0,0,0.24858757062146894,0.3802083333333333,-6401.808108108104
413,1,37,43200.0,58,0,0,0.24858757062146894,0.3802083333333333,-5601.808108108104
241,1,29,44000.0,61,0,0,0.24858757062146894,0.3802083333333333,-4801.808108108104
188,0,33,44000.0,31,0,0,0.24858757062146894,0.3802083333333333,-4801.808108108104
271,0,27,44000.0,25,0,0,0.24858757062146894,0.3802083333333333,-4801.808108108104
198,1,26,44000.0,16,1,0,0.24858757062146894,0.3802083333333333,-4801.808108108104
209,1,30,44000.0,8,1,0,0.24858757062146894,0.3802083333333333,-4801.808108108104
503,0,36,44000.0,16,0,0,0.24858757062146894,0.3802083333333333,-4801.808108108104
538,0,31,44000.0,15,0,0,0.24858757062146894,0.3802083333333333,-4801.808108108104
564,0,32,44000.0,14,0,0,0.24858757062146894,0.3802083333333333,-4801.808108108104
561,0,36,44000.0,14,0,0,0.24858757062146894,0.3802083333333333,-4801.808108108104
643,0,29,44000.0,10,0,0,0.24858757062146894,0.3802083333333333,-4801.808108108104
688,0,35,44000.0,5,0,0,0.24858757062146894,0.3802083333333333,-4801.808108108104
689,0,27,44000.0,5,0,0,0.24858757062146894,0.3802083333333333,-4801.808108108104
149,0,28,44560.0,33,0,0,0.24858757062146894,0.3802083333333333,-4241.808108108104
231,1,34,44800.0,30,0,0,0.24858757062146894,0.3802083333333333,-4001.8081081081036
150,0,28,44800.0,33,0,0,0.24858757062146894,0.3802083333333333,-4001.8081081081036
511,0,34,44800.0,16,0,0,0.24858757062146894,0.3802083333333333,-4001.8081081081036
131,0,32,44880.0,16,0,0,0.24858757062146894,0.3802083333333333,-3921.8081081081036
177,0,35,45344.0,19,0,0,0.24858757062146894,0.3802083333333333,-3457.8081081081036
192,0,33,45452.0,53,1,0,0.24858757062146894,0.3802083333333333,-3349.8081081081036
414,1,37,45600.0,39,0,0,0.24858757062146894,0.3802083333333333,-3201.8081081081036
199,0,36,46200.0,20,0,0,0.24858757062146894,0.3802083333333333,-2601.8081081081036
409,1,30,46400.0,32,0,0,0.24858757062146894,0.3802083333333333,-2401.8081081081036
354,1,33,46400.0,40,0,0,0.24858757062146894,0.3802083333333333,-2401.8081081081036
189,0,30,46400.0,59,0,0,0.24858757062146894,0.3802083333333333,-2401.8081081081036
352,1,29,46400.0,12,0,0,0.24858757062146894,0.3802083333333333,-2401.8081081081036
557,0,29,46400.0,14,0,0,0.24858757062146894,0.3802083333333333,-2401.8081081081036
695,0,31,46400.0,4,0,0,0.24858757062146894,0.3802083333333333,-2401.8081081081036
239,1,33,47040.0,46,0,0,0.24858757062146894,0.3802083333333333,-1761.8081081081036
216,0,31,48000.0,55,0,0,0.24858757062146894,0.3802083333333333,-801.8081081081036
333,1,42,48000.0,9,0,0,0.24858757062146894,0.3802083333333333,-801.8081081081036
127,0,33,48000.0,18,0,0,0.24858757062146894,0.3802083333333333,-801.8081081081036
500,1,37,48000.0,10,0,0,0.24858757062146894,0.3802083333333333,-801.8081081081036
522,0,45,48000.0,16,0,0,0.24858757062146894,0.3802083333333333,-801.8081081081036
580,0,35,48000.0,13,0,0,0.24858757062146894,0.3802083333333333,-801.8081081081036
667,0,30,48000.0,7,0,0,0.24858757062146894,0.3802083333333333,-801.8081081081036
719,0,33,48000.0,2,0,0,0.24858757062146894,0.3802083333333333,-801.8081081081036
315,1,38,49140.0,54,0,0,0.24858757062146894,0.3802083333333333,338.1918918918964
550,1,33,49600.0,12,0,0,0.24858757062146894,0.3802083333333333,798.1918918918964
184,0,32,50752.0,55,0,0,0.24858757062146894,0.3802083333333333,1950.1918918918964
169,0,38,50785.0,55,1,0,0.24858757062146894,0.3802083333333333,1983.1918918918964
514,0,36,51000.0,16,0,0,0.24858757062146894,0.3802083333333333,2198.1918918918964
444,1,34,51200.0,49,1,0,0.24858757062146894,0.3802083333333333,2398.1918918918964
243,0,36,51584.0,61,0,0,0.24858757062146894,0.3802083333333333,2782.1918918918964
631,0,35,52000.0,11,0,0,0.24858757062146894,0.3802083333333333,3198.1918918918964
532,0,32,56000.0,16,0,0,0.24858757062146894,0.3802083333333333,7198.191891891896
518,0,32,57600.0,16,0,0,0.24858757062146894,0.3802083333333333,8798.191891891896
534,0,38,57600.0,15,0,0,0.24858757062146894,0.3802083333333333,8798.191891891896
519,0,37,61600.0,12,0,0,0.24858757062146894,0.3802083333333333,12798.191891891896
533,0,37,61600.0,16,0,0,0.24858757062146894,0.3802083333333333,12798.191891891896
651,0,30,64000.0,9,0,0,0.24858757062146894,0.3802083333333333,15198.191891891896
594,0,31,64680.0,13,0,0,0.24858757062146894,0.3802083333333333,15878.191891891896
622,0,43,65600.0,11,0,0,0.24858757062146894,0.3802083333333333,16798.191891891896
616,1,33,67200.0,9,0,0,0.24858757062146894,0.3802083333333333,18398.191891891896
603,0,28,67200.0,7,0,0,0.24858757062146894,0.3802083333333333,18398.191891891896
593,0,32,68800.0,13,0,0,0.24858757062146894,0.3802083333333333,19998.191891891896
520,0,36,69440.0,16,0,0,0.24858757062146894,0.3802083333333333,20638.191891891896
582,0,35,72000.0,14,0,0,0.24858757062146894,0.3802083333333333,23198.191891891896
554,0,44,77276.79999999999,14,0,1,0.24858757062146894,0.3802083333333333,28474.991891891885
298,0,26,34400.0,52,1,0,0.24858757062146894,0.2926829268292683,-9125.458823529407
194,1,34,38520.0,39,0,0,0.24858757062146894,0.2926829268292683,-5005.458823529407
437,0,39,40000.0,26,0,0,0.24858757062146894,0.2926829268292683,-3525.458823529407
614,0,37,40000.0,12,1,0,0.24858757062146894,0.2926829268292683,-3525.458823529407
174,0,33,41600.0,26,0,0,0.24858757062146894,0.2926829268292683,-1925.4588235294068
647,0,41,41600.0,9,0,0,0.24858757062146894,0.2926829268292683,-1925.4588235294068
213,1,33,42000.0,57,1,0,0.24858757062146894,0.2926829268292683,-1525.4588235294068
351,1,27,42400.0,31,0,0,0.24858757062146894,0.2926829268292683,-1125.4588235294068
677,0,30,42400.0,3,0,0,0.24858757062146894,0.2926829268292683,-1125.4588235294068
175,0,30,43200.0,53,1,0,0.24858757062146894,0.2926829268292683,-325.4588235294068
376,1,37,44000.0,32,0,0,0.24858757062146894,0.2926829268292683,474.5411764705932
180,0,40,44000.0,29,0,0,0.24858757062146894,0.2926829268292683,474.5411764705932
682,0,36,46400.0,4,0,0,0.24858757062146894,0.2926829268292683,2874.541176470593
176,1,33,48000.0,25,1,0,0.24858757062146894,0.2926829268292683,4474.541176470593
693,0,37,52000.0,1,0,0,0.24858757062146894,0.2926829268292683,8474.541176470593
774,0,43,46539.200000000004,0,0,0,0.24858757062146894,0.2926829268292683,3013.7411764705976
621,1,31,52873.6,3,0,1,0.24858757062146894,0.2926829268292683,9348.141176470592
331,1,35,34400.0,32,0,0,0.47619047619047616,0.3802083333333333,-17673.89523809524
327,0,34,39200.0,18,1,0,0.47619047619047616,0.3802083333333333,-12873.89523809524
412,1,35,42000.0,23,1,0,0.47619047619047616,0.3802083333333333,-10073.89523809524
401,1,35,45600.0,60,0,0,0.47619047619047616,0.3802083333333333,-6473.89523809524
267,0,41,46400.0,24,0,0,0.47619047619047616,0.3802083333333333,-5673.89523809524
233,1,32,47040.0,41,0,0,0.47619047619047616,0.3802083333333333,-5033.89523809524
164,0,39,48000.0,55,0,0,0.47619047619047616,0.3802083333333333,-4073.8952380952396
264,0,34,48000.0,24,0,0,0.47619047619047616,0.3802083333333333,-4073.8952380952396
290,1,33,50715.0,21,0,0,0.47619047619047616,0.3802083333333333,-1358.8952380952396
638,0,31,52000.0,10,0,0,0.47619047619047616,0.3802083333333333,-73.89523809523962
664,0,37,52000.0,9,0,0,0.47619047619047616,0.3802083333333333,-73.89523809523962
284,1,31,52920.0,17,0,0,0.47619047619047616,0.3802083333333333,846.1047619047604
509,1,38,54400.0,16,0,0,0.47619047619047616,0.3802083333333333,2326.1047619047604
727,0,31,54400.0,2,0,0,0.47619047619047616,0.3802083333333333,2326.1047619047604
236,0,34,55200.0,28,0,0,0.47619047619047616,0.3802083333333333,3126.1047619047604
240,0,33,55200.0,26,0,0,0.47619047619047616,0.3802083333333333,3126.1047619047604
508,1,37,55200.0,16,0,0,0.47619047619047616,0.3802083333333333,3126.1047619047604
556,0,33,56000.0,15,0,0,0.47619047619047616,0.3802083333333333,3926.1047619047604
319,0,34,63600.0,23,0,0,0.47619047619047616,0.3802083333333333,11526.10476190476
635,0,33,64000.0,10,0,0,0.47619047619047616,0.3802083333333333,11926.10476190476
515,0,38,77276.79999999999,16,0,1,0.47619047619047616,0.3802083333333333,25202.90476190475
565,0,29,36000.0,14,0,0,0.3023255813953488,0.0,0.0
325,0,37,36800.0,39,0,0,0.47619047619047616,0.25,0.0
421,1,28,36800.0,20,0,0,0.3023255813953488,0.45454545454545453,-10359.63636363636
393,1,33,37600.0,29,0,0,0.3023255813953488,0.45454545454545453,-9559.63636363636
328,0,28,40000.0,21,0,0,0.3023255813953488,0.45454545454545453,-7159.63636363636
261,0,27,45156.0,24,1,0,0.3023255813953488,0.45454545454545453,-2003.6363636363603
374,1,34,46400.0,39,0,0,0.3023255813953488,0.45454545454545453,-759.6363636363603
628,1,36,48000.0,7,0,0,0.3023255813953488,0.45454545454545453,840.3636363636397
330,1,30,50400.0,38,0,0,0.3023255813953488,0.45454545454545453,3240.3636363636397
268,0,43,50400.0,26,0,0,0.3023255813953488,0.45454545454545453,3240.3636363636397
669,0,27,52000.0,6,0,0,0.3023255813953488,0.45454545454545453,4840.36363636364
183,0,28,56000.0,20,0,0,0.3023255813953488,0.45454545454545453,8840.36363636364
525,0,32,56000.0,17,1,0,0.3023255813953488,0.45454545454545453,8840.36363636364
260,0,28,37600.0,24,1,0,0.24858757062146894,0.0,-8108.666666666664
275,0,29,45126.0,27,0,0,0.24858757062146894,0.0,-582.6666666666642
724,0,33,54400.0,3,0,0,0.24858757062146894,0.0,8691.333333333336
137,0,31,38400.0,35,1,0,0.24858757062146894,0.3333333333333333,-8152.540000000001
308,0,34,40000.0,22,0,0,0.24858757062146894,0.3333333333333333,-6552.540000000001
205,0,31,40320.0,27,1,0,0.24858757062146894,0.3333333333333333,-6232.540000000001
598,0,38,41600.0,13,1,0,0.24858757062146894,0.3333333333333333,-4952.540000000001
644,0,42,41600.0,9,1,0,0.24858757062146894,0.3333333333333333,-4952.540000000001
700,0,30,28471.040000000005,4,1,0,0.24858757062146894,0.3333333333333333,-18081.499999999996
510,0,32,45600.0,16,1,0,0.24858757062146894,0.3333333333333333,-952.5400000000009
732,0,30,47200.0,2,0,0,0.24858757062146894,0.3333333333333333,647.4599999999991
289,0,32,48000.0,36,1,0,0.24858757062146894,0.3333333333333333,1447.4599999999991
578,0,37,48000.0,13,1,0,0.24858757062146894,0.3333333333333333,1447.4599999999991
611,0,30,48000.0,12,1,0,0.24858757062146894,0.3333333333333333,1447.4599999999991
619,0,34,48000.0,12,0,0,0.24858757062146894,0.3333333333333333,1447.4599999999991
755,0,40,49600.0,1,1,0,0.24858757062146894,0.3333333333333333,3047.459999999999
784,0,33,56000.0,0,0,0,0.24858757062146894,0.3333333333333333,9447.46
712,0,34,58974.4,3,0,1,0.24858757062146894,0.3333333333333333,12421.86
585,0,33,65075.2,13,1,1,0.24858757062146894,0.3333333333333333,18522.659999999996
442,1,28,39200.0,45,0,0,0.47619047619047616,0.3333333333333333,-3840.0
439,1,44,42400.0,33,0,0,0.47619047619047616,0.3333333333333333,-640.0
143,1,37,44000.0,37,1,0,0.47619047619047616,0.3333333333333333,960.0
322,1,28,44000.0,25,0,0,0.47619047619047616,0.3333333333333333,960.0
335,1,34,45600.0,45,1,0,0.47619047619047616,0.3333333333333333,2560.0
420,1,42,40000.0,48,1,0,0.23529411764705882,0.2318840579710145,-7066.666666666664
266,0,41,42400.0,23,0,0,0.23529411764705882,0.2318840579710145,-4666.666666666664
419,0,33,58800.0,15,0,0,0.23529411764705882,0.2318840579710145,11733.333333333336
450,1,33,40000.0,16,0,0,0.47619047619047616,0.2777777777777778,0.0
394,1,33,40140.0,35,0,0,0.18181818181818182,0.24528301886792453,-20516.666666666664
513,0,35,53600.0,16,0,0,0.18181818181818182,0.24528301886792453,-7056.666666666664
151,0,33,63000.0,18,0,0,0.18181818181818182,0.24528301886792453,2343.3333333333358
747,0,35,64000.0,0,0,0,0.18181818181818182,0.24528301886792453,3343.3333333333358
530,0,45,71200.0,0,0,0,0.18181818181818182,0.24528301886792453,10543.333333333336
262,0,30,72000.0,24,0,0,0.18181818181818182,0.24528301886792453,11343.333333333336
367,0,32,41600.0,37,1,0,0.3333333333333333,0.3,0.0
723,0,40,21962.88,3,1,1,0.3023255813953488,0.25,-2033.5999999999985
627,1,25,24403.2,8,1,1,0.3023255813953488,0.25,406.72000000000116
722,0,44,24403.2,3,0,1,0.3023255813953488,0.25,406.72000000000116
745,1,27,24403.2,1,1,1,0.3023255813953488,0.25,406.72000000000116
777,0,33,24403.2,0,0,1,0.3023255813953488,0.25,406.72000000000116
772,0,47,24403.2,0,0,1,0.3023255813953488,0.25,406.72000000000116
320,0,30,44000.0,23,1,0,0.24858757062146894,0.24528301886792453,-10237.0
360,1,31,44800.0,38,0,0,0.24858757062146894,0.24528301886792453,-9437.0
314,1,37,45490.0,36,0,0,0.24858757062146894,0.24528301886792453,-8747.0
572,0,41,48000.0,13,0,0,0.24858757062146894,0.24528301886792453,-6237.0
606,1,28,48000.0,7,0,0,0.24858757062146894,0.24528301886792453,-6237.0
531,1,28,48800.0,12,0,0,0.24858757062146894,0.24528301886792453,-5437.0
770,0,39,49600.0,0,0,0,0.24858757062146894,0.24528301886792453,-4637.0
369,1,39,50200.0,26,0,0,0.24858757062146894,0.24528301886792453,-4037.0
187,0,34,51240.0,20,0,0,0.24858757062146894,0.24528301886792453,-2997.0
286,0,31,52000.0,37,0,0,0.24858757062146894,0.24528301886792453,-2237.0
738,0,29,52000.0,1,0,0,0.24858757062146894,0.24528301886792453,-2237.0
278,0,29,55200.0,26,0,0,0.24858757062146894,0.24528301886792453,963.0
756,0,32,55200.0,0,0,0,0.24858757062146894,0.24528301886792453,963.0
540,0,30,56000.0,15,0,0,0.24858757062146894,0.24528301886792453,1763.0
633,1,34,56000.0,10,0,0,0.24858757062146894,0.24528301886792453,1763.0
649,0,39,56000.0,10,1,0,0.24858757062146894,0.24528301886792453,1763.0
657,0,34,56000.0,6,1,0,0.24858757062146894,0.24528301886792453,1763.0
761,0,32,56000.0,0,0,0,0.24858757062146894,0.24528301886792453,1763.0
128,1,40,57584.0,12,1,0,0.24858757062146894,0.24528301886792453,3347.0
641,0,31,60000.0,9,1,0,0.24858757062146894,0.24528301886792453,5763.0
590,0,33,61600.0,13,0,0,0.24858757062146894,0.24528301886792453,7363.0
502,0,35,62400.0,16,0,0,0.24858757062146894,0.24528301886792453,8163.0
683,0,33,62400.0,6,0,0,0.24858757062146894,0.24528301886792453,8163.0
744,0,43,68000.0,0,0,0,0.24858757062146894,0.24528301886792453,13763.0
757,0,39,46539.200000000004,0,0,0,0.24858757062146894,0.24528301886792453,-7697.799999999996
686,0,37,67108.8,6,0,1,0.24858757062146894,0.24528301886792453,12871.800000000003
125,0,36,22369.6,18,0,1,0.38461538461538464,0.2318840579710145,0.0
277,0,35,47200.0,28,0,0,0.47619047619047616,0.2926829268292683,-1200.0
279,0,37,49600.0,29,1,0,0.47619047619047616,0.2926829268292683,1200.0
385,1,40,48000.0,26,1,0,0.18181818181818182,0.2777777777777778,0.0
662,0,37,48000.0,8,0,0,0.24858757062146894,0.0,-4160.0
750,0,44,48000.0,1,0,0,0.24858757062146894,0.0,-4160.0
145,0,40,60480.0,19,0,0,0.24858757062146894,0.0,8320.0
250,1,33,48800.0,55,0,0,0.2777777777777778,0.3802083333333333,-24228.571428571435
356,0,37,72000.0,14,0,0,0.2777777777777778,0.3802083333333333,-1028.5714285714348
425,1,42,76000.0,20,0,0,0.2777777777777778,0.3802083333333333,2971.428571428565
270,1,44,76000.0,10,0,0,0.2777777777777778,0.3802083333333333,2971.428571428565
595,0,37,76000.0,13,0,0,0.2777777777777778,0.3802083333333333,2971.428571428565
245,0,47,80000.0,21,0,0,0.2777777777777778,0.3802083333333333,6971.428571428565
246,0,37,82400.0,21,0,0,0.2777777777777778,0.3802083333333333,9371.428571428565
230,0,35,50400.0,39,1,0,0.18181818181818182,0.3333333333333333,-3733.3333333333358
584,0,42,56000.0,13,0,0,0.18181818181818182,0.3333333333333333,1866.6666666666642
714,0,34,56000.0,3,0,0,0.18181818181818182,0.3333333333333333,1866.6666666666642
678,0,38,50400.0,4,0,0,0.18181818181818182,0.2318840579710145,0.0
353,0,40,51200.0,17,0,0,0.18181818181818182,0.45454545454545453,-4400.0
355,0,40,60000.0,23,0,0,0.18181818181818182,0.45454545454545453,4400.0
496,1,30,52800.0,58,0,0,0.47619047619047616,0.45454545454545453,0.0
537,0,31,54000.0,15,1,0,0.18181818181818182,0.2926829268292683,-4000.0
589,0,44,60000.0,13,1,0,0.18181818181818182,0.2926829268292683,2000.0
684,0,34,60000.0,4,0,0,0.18181818181818182,0.2926829268292683,2000.0
349,0,39,54400.0,37,1,0,0.23529411764705882,0.2926829268292683,0.0
302,0,44,56000.0,23,0,0,0.18181818181818182,0.3,0.0
170,1,36,56280.0,37,0,0,0.18181818181818182,0.3802083333333333,-5813.333333333336
377,1,35,58000.0,25,0,0,0.18181818181818182,0.3802083333333333,-4093.3333333333358
142,0,37,72000.0,6,0,0,0.18181818181818182,0.3802083333333333,9906.666666666664
392,0,32,57600.0,23,0,0,0.23529411764705882,0.45454545454545453,-7800.0
430,0,38,64000.0,34,0,0,0.23529411764705882,0.45454545454545453,-1400.0
294,0,30,68000.0,43,0,0,0.23529411764705882,0.45454545454545453,2600.0
567,0,33,72000.0,13,1,0,0.23529411764705882,0.45454545454545453,6600.0
460,1,36,57685.0,46,0,0,0.23529411764705882,0.3,-1957.5
1,0,36,61600.0,23,1,0,0.23529411764705882,0.3,1957.5
256,1,35,60000.0,32,0,0,0.23529411764705882,0.3333333333333333,-9066.666666666672
746,0,38,64800.0,0,0,0,0.23529411764705882,0.3333333333333333,-4266.6666666666715
207,0,36,82400.0,20,0,0,0.23529411764705882,0.3333333333333333,13333.333333333328
304,0,35,60000.0,22,1,0,0.24858757062146894,0.45454545454545453,-9416.914285714287
285,0,37,65600.0,35,0,0,0.24858757062146894,0.45454545454545453,-3816.914285714287
679,0,32,68000.0,4,1,0,0.24858757062146894,0.45454545454545453,-1416.914285714287
467,1,38,76000.0,9,0,0,0.24858757062146894,0.45454545454545453,6583.085714285713
429,1,37,76000.0,9,1,0,0.24858757062146894,0.45454545454545453,6583.085714285713
293,0,30,63041.6,38,0,1,0.24858757062146894,0.45454545454545453,-6375.314285714288
576,1,31,77276.79999999999,3,0,1,0.24858757062146894,0.45454545454545453,7859.885714285701
272,0,34,64000.0,26,1,0,0.2777777777777778,0.2777777777777778,-3000.0
303,1,47,64000.0,13,1,0,0.2777777777777778,0.2777777777777778,-3000.0
692,0,45,64000.0,5,0,0,0.2777777777777778,0.2777777777777778,-3000.0
280,0,34,76000.0,30,0,0,0.2777777777777778,0.2777777777777778,9000.0
248,1,30,64800.0,53,1,0,0.47619047619047616,0.24528301886792453,-2800.0
147,0,30,70400.0,18,0,0,0.47619047619047616,0.24528301886792453,2800.0
292,1,45,68000.0,30,0,0,0.23529411764705882,0.24528301886792453,-1360.0
247,0,39,70720.0,27,0,0,0.23529411764705882,0.24528301886792453,1360.0
459,0,45,69600.0,36,0,0,0.2777777777777778,0.24528301886792453,0.0
462,1,40,70400.0,13,0,0,0.31433823529411764,0.25,0.0
521,0,41,72000.0,16,0,0,0.23529411764705882,0.3802083333333333,0.0
225,0,36,76000.0,20,0,0,0.3333333333333333,0.24528301886792453,0.0
342,1,33,77040.0,19,1,0,0.2777777777777778,0.3333333333333333,-1135.199999999997
763,0,39,79310.4,0,1,1,0.2777777777777778,0.3333333333333333,1135.199999999997
768,0,32,77600.0,0,0,0,0.18181818181818182,0.0,0.0
276,0,35,80000.0,29,1,0,0.2777777777777778,0.3,0.0
504,0,45,80000.0,16,0,0,0.2777777777777778,0.2926829268292683,0.0
507,0,41,80000.0,16,0,0,0.2777777777777778,0.0,0.0
737,0,33,40672.0,2,1,1,0.18181818181818182,0.25,0.0
161,0,44,67892.48,19,0,0,0.0,0.0,0.0
579,0,45,61008.0,13,0,1,0.2777777777777778,0.25,0.0
623,0,45,61008.0,12,0,1,0.23529411764705882,0.25,0.0
281,1,39,79310.4,30,0,1,0.3333333333333333,0.45454545454545453,0.0
